Sample ID,Phylum,Class,Order,Family,Subfamily,Tribe,Genus,Species,Subspecies,Identifier,Identifier Email,Identification Method,Taxonomy Notes,flagged
DNSC_2014_001A,Chordata,Actinopterygii,Perciformes,Lutjanidae,Apsilinae,,Paracaesio,Paracaesio kusakarii,,Girley S. Gumanao,girley.gumanao@dnsc.edu.ph,,,
DNSC_2016_001A,Chordata,Actinopterygii,Perciformes,Lutjanidae,Lutjaninae,,Lutjanus,Lutjanus johnii,,Girley S. Gumanao,girley.gumanao@dnsc.edu.ph,,,
DNSC_2017_002A,Chordata,Actinopterygii,Labriformes,Labridae,,,Anampses,Anampses caeruleopunctatus,,Girley S. Gumanao,girley.gumanao@dnsc.edu.ph,,,
DNSC_2017_003A,Chordata,Actinopterygii,Labriformes,Labridae,,,Choerodon,Choerodon robustus,,Girley S. Gumanao,girley.gumanao@dnsc.edu.ph,,,
DNSC_2017_008A,Chordata,Actinopterygii,Labriformes,Labridae,,,Thalassoma,Thalassoma trilobatum,,Girley S. Gumanao,girley.gumanao@dnsc.edu.ph,,,
DNSC_2017_010A,Chordata,Actinopterygii,Labriformes,Labridae,,,Halichoeres,Halichoeres hartzfeldii,,Girley S. Gumanao,girley.gumanao@dnsc.edu.ph,,,
DNSC_2017_012A,Chordata,Actinopterygii,Labriformes,Labridae,,,Epibulus,Epibulus brevis,,Girley S. Gumanao,girley.gumanao@dnsc.edu.ph,,,
DNSC_2017_013A,Chordata,Actinopterygii,Labriformes,Labridae,,,Pseudodax,Pseudodax moluccanus,,Girley S. Gumanao,girley.gumanao@dnsc.edu.ph,,,
DNSC_2017_018A,Chordata,Actinopterygii,Labriformes,Labridae,,,Anampses,Anampses meleagrides,,Girley S. Gumanao,girley.gumanao@dnsc.edu.ph,,,
DNSC_2017_020A,Chordata,Actinopterygii,Labriformes,Labridae,,,Choerodon,Choerodon zamboangae,,Girley S. Gumanao,girley.gumanao@dnsc.edu.ph,,,
DNSC_2017_021A,Chordata,Actinopterygii,Labriformes,Labridae,,,Stethojulis,Stethojulis strigiventer,,Girley S. Gumanao,girley.gumanao@dnsc.edu.ph,,,
DNSC_2017_022A,Chordata,Actinopterygii,Labriformes,Labridae,,,Anampses,Anampses geographicus,,Girley S. Gumanao,girley.gumanao@dnsc.edu.ph,,,
DNSC_2017_023A,Chordata,Actinopterygii,Labriformes,Labridae,,,Stethojulis,Stethojulis bandanensis,,Girley S. Gumanao,girley.gumanao@dnsc.edu.ph,,,
DNSC_2017_026A,Chordata,Actinopterygii,Perciformes,Chaetodontidae,,,Parachaetodon,Parachaetodon ocellatus,,Girley S. Gumanao,girley.gumanao@dnsc.edu.ph,,,
DNSC_2017_028A,Chordata,Actinopterygii,Perciformes,Pomacanthidae,,,Pygoplites,Pygoplites diacanthus,,Girley S. Gumanao,girley.gumanao@dnsc.edu.ph,,,
DNSC_2017_030A,Chordata,Actinopterygii,Labriformes,Labridae,,,Choerodon,Choerodon schoenleinii,,Girley S. Gumanao,girley.gumanao@dnsc.edu.ph,,,
DNSC_2017_032A,Chordata,Actinopterygii,Perciformes,Chaetodontidae,,,Heniochus,Heniochus acuminatus,,Girley S. Gumanao,girley.gumanao@dnsc.edu.ph,,,
DNSC_2017_039A,Chordata,Actinopterygii,Perciformes,Siganidae,,,Siganus,Siganus vermiculatus,,Girley S. Gumanao,girley.gumanao@dnsc.edu.ph,,,
DNSC_2017_042A,Chordata,Actinopterygii,Perciformes,Siganidae,,,Siganus,Siganus javus,,Girley S. Gumanao,girley.gumanao@dnsc.edu.ph,,,
DNSC_2017_064A,Chordata,Actinopterygii,Perciformes,Haemulidae,Plectorhinchinae,,Plectorhinchus,Plectorhinchus vittatus,,Girley S. Gumanao,girley.gumanao@dnsc.edu.ph,,,
DNSC_2017_066A,Chordata,Actinopterygii,Perciformes,Haemulidae,Plectorhinchinae,,Plectorhinchus,Plectorhinchus vittatus,,Girley S. Gumanao,girley.gumanao@dnsc.edu.ph,,,
DNSC_2017_069A,Chordata,Actinopterygii,Perciformes,Haemulidae,Plectorhinchinae,,Diagramma,Diagramma pictum,,Girley S. Gumanao,girley.gumanao@dnsc.edu.ph,,,
DNSC_2017_072A,Chordata,Actinopterygii,Moroniformes,Drepaneidae,,,Drepane,Drepane punctata,,Girley S. Gumanao,girley.gumanao@dnsc.edu.ph,,,
DNSC_2017_077A,Chordata,Actinopterygii,Perciformes,Malacanthidae,Latilinae,,Branchiostegus,Branchiostegus saitoi,,Girley S. Gumanao,girley.gumanao@dnsc.edu.ph,,,
DNSC_2017_081A,Chordata,Actinopterygii,Perciformes,Siganidae,,,Siganus,Siganus puellus,,Girley S. Gumanao,girley.gumanao@dnsc.edu.ph,,,
DNSC_2017_084A,Chordata,Actinopterygii,Perciformes,Serranidae,Epinephelinae,,Cephalopholis,Cephalopholis miniata,,Girley S. Gumanao,girley.gumanao@dnsc.edu.ph,,,
DNSC_2017_091A,Chordata,Actinopterygii,Tetraodontiformes,Balistidae,,,Canthidermis,Canthidermis maculata,,Girley S. Gumanao,girley.gumanao@dnsc.edu.ph,,,
DNSC_2017_096A,Chordata,Actinopterygii,Clupeiformes,Clupeidae,Dorosomatinae,,Nematalosa,Nematalosa nasus,,Girley S. Gumanao,girley.gumanao@dnsc.edu.ph,,,
DNSC_2017_105A,Chordata,Actinopterygii,Spariformes,Lethrinidae,,,Lethrinus,Lethrinus olivaceus,,Girley S. Gumanao,girley.gumanao@dnsc.edu.ph,,,
DNSC_2017_110A,Chordata,Actinopterygii,Perciformes,Lutjanidae,Lutjaninae,,Lutjanus,Lutjanus fulviflamma,,Girley S. Gumanao,girley.gumanao@dnsc.edu.ph,,,
DNSC_2017_115A,Chordata,Actinopterygii,Perciformes,Lutjanidae,Lutjaninae,,Lutjanus,Lutjanus monostigma,,Girley S. Gumanao,girley.gumanao@dnsc.edu.ph,,,
DNSC_2017_120A,Chordata,Actinopterygii,Perciformes,Lutjanidae,Lutjaninae,,Lutjanus,Lutjanus erythropterus,,Girley S. Gumanao,girley.gumanao@dnsc.edu.ph,,,
DNSC_2017_124A,Chordata,Actinopterygii,Perciformes,Serranidae,Epinephelinae,,Plectropomus,Plectropomus leopardus,,Girley S. Gumanao,girley.gumanao@dnsc.edu.ph,,,
DNSC_2017_125A,Chordata,Actinopterygii,Perciformes,Serranidae,Epinephelinae,,Epinephelus,Epinephelus corallicola,,Girley S. Gumanao,girley.gumanao@dnsc.edu.ph,,,
DNSC_2017_126A,Chordata,Actinopterygii,Perciformes,Serranidae,Epinephelinae,,Cephalopholis,Cephalopholis aitha,,Girley S. Gumanao,girley.gumanao@dnsc.edu.ph,,,
DNSC_2017_127A,Chordata,Actinopterygii,Perciformes,Serranidae,Epinephelinae,,Plectropomus,Plectropomus areolatus,,Girley S. Gumanao,girley.gumanao@dnsc.edu.ph,,,
DNSC_2017_132A,Chordata,Actinopterygii,Perciformes,Serranidae,Epinephelinae,,Plectropomus,Plectropomus maculatus,,Girley S. Gumanao,girley.gumanao@dnsc.edu.ph,,,
DNSC_2017_133A,Chordata,Actinopterygii,Perciformes,Serranidae,Epinephelinae,,Epinephelus,Epinephelus hexagonatus,,Girley S. Gumanao,girley.gumanao@dnsc.edu.ph,,,
DNSC_2017_195A,Chordata,Actinopterygii,Tetraodontiformes,Balistidae,,,Abalistes,Abalistes filamentosus,,Girley S. Gumanao,girley.gumanao@dnsc.edu.ph,,,
DNSC_2018_003A,Chordata,Actinopterygii,Labriformes,Labridae,,,Xiphocheilus,Xiphocheilus typus,,Girley S. Gumanao,girley.gumanao@dnsc.edu.ph,,,
DNSC_2018_004A,Chordata,Actinopterygii,Perciformes,Mullidae,,,Parupeneus,Parupeneus crassilabris,,Girley S. Gumanao,girley.gumanao@dnsc.edu.ph,,,
DNSC_2018_019A,Chordata,Actinopterygii,Labriformes,Labridae,,,Xiphocheilus,Xiphocheilus typus,,Girley S. Gumanao,girley.gumanao@dnsc.edu.ph,,,
DNSC_2018_023A,Chordata,Actinopterygii,Perciformes,Pomacanthidae,,,Pomacanthus,Pomacanthus imperator,,Girley S. Gumanao,girley.gumanao@dnsc.edu.ph,,,
DNSC_2018_038A,Chordata,Actinopterygii,Tetraodontiformes,Balistidae,,,Balistoides,Balistoides conspicillum,,Girley S. Gumanao,girley.gumanao@dnsc.edu.ph,,,
DNSC_2018_039A,Chordata,Actinopterygii,Perciformes,Serranidae,Epinephelinae,,Epinephelus,Epinephelus lanceolatus,,Girley S. Gumanao,girley.gumanao@dnsc.edu.ph,,,
DNSC_2018_042A,Chordata,Actinopterygii,Perciformes,Serranidae,Epinephelinae,,Plectropomus,Plectropomus laevis,,Girley S. Gumanao,girley.gumanao@dnsc.edu.ph,,,
DNSC_2018_059A,Chordata,Actinopterygii,Perciformes,Chaetodontidae,,,Hemitaurichthys,Hemitaurichthys polylepis,,Girley S. Gumanao,girley.gumanao@dnsc.edu.ph,,,
DNSC_2018_061A,Chordata,Actinopterygii,Perciformes,Chaetodontidae,,,Chaetodon,Chaetodon meyeri,,Girley S. Gumanao,girley.gumanao@dnsc.edu.ph,,,
DNSC_2018_062A,Chordata,Actinopterygii,Perciformes,Chaetodontidae,,,Chaetodon,Chaetodon trifascialis,,Girley S. Gumanao,girley.gumanao@dnsc.edu.ph,,,
DNSC_2018_064A,Chordata,Actinopterygii,Perciformes,Chaetodontidae,,,Chaetodon,Chaetodon lunulatus,,Girley S. Gumanao,girley.gumanao@dnsc.edu.ph,,,
DNSC_2018_065A,Chordata,Actinopterygii,Perciformes,Chaetodontidae,,,Heniochus,Heniochus chrysostomus,,Girley S. Gumanao,girley.gumanao@dnsc.edu.ph,,,
DNSC_2018_072A,Chordata,Actinopterygii,Perciformes,Pomacanthidae,,,Centropyge,Centropyge bicolor,,Girley S. Gumanao,girley.gumanao@dnsc.edu.ph,,,
DNSC_2018_074A,Chordata,Actinopterygii,Perciformes,Chaetodontidae,,,Chaetodon,Chaetodon melannotus,,Girley S. Gumanao,girley.gumanao@dnsc.edu.ph,,,
DNSC_2018_081A,Chordata,Actinopterygii,Perciformes,Malacanthidae,Malacanthinae,,Malacanthus,Malacanthus brevirostris,,Girley S. Gumanao,girley.gumanao@dnsc.edu.ph,,,
DNSC_2018_088A,Chordata,Actinopterygii,Labriformes,Labridae,,,Gomphosus,Gomphosus varius,,Girley S. Gumanao,girley.gumanao@dnsc.edu.ph,,,
DNSC_2018_095A,Chordata,Actinopterygii,Perciformes,Lutjanidae,Lutjaninae,,Lutjanus,Lutjanus dodecacanthoides,,Girley S. Gumanao,girley.gumanao@dnsc.edu.ph,,,
DNSC_2018_100A,Chordata,Actinopterygii,Kurtiformes,Apogonidae,Apogoninae,,Sphaeramia,Sphaeramia nematoptera,,Girley S. Gumanao,girley.gumanao@dnsc.edu.ph,,,
DNSC_2018_101A,Chordata,Actinopterygii,Ovalentaria,Pomacentridae,Pomacentrinae,,Dischistodus,Dischistodus perspicillatus,,Girley S. Gumanao,girley.gumanao@dnsc.edu.ph,,,
DNSC_2018_103A,Chordata,Actinopterygii,Labriformes,Labridae,,,Bodianus,Bodianus dictynna,,Girley S. Gumanao,girley.gumanao@dnsc.edu.ph,,,
DNSC_2018_115A,Chordata,Actinopterygii,Perciformes,Haemulidae,Haemulinae,,Pomadasys,Pomadasys argenteus,,Girley S. Gumanao,girley.gumanao@dnsc.edu.ph,,,
DNSC_2018_116A,Chordata,Actinopterygii,Perciformes,Chaetodontidae,,,Chelmon,Chelmon rostratus,,Girley S. Gumanao,girley.gumanao@dnsc.edu.ph,,,
DNSC_2018_120A,Chordata,Actinopterygii,Perciformes,Pomacanthidae,,,Centropyge,Centropyge vrolikii,,Girley S. Gumanao,girley.gumanao@dnsc.edu.ph,,,
DNSC_2018_NN_001A,Chordata,Actinopterygii,Perciformes,Serranidae,Epinephelinae,,Epinephelus,Epinephelus coeruleopunctatus,,Girley S. Gumanao,girley.gumanao@dnsc.edu.ph,,,
DNSC_2018_NN_002A,Chordata,Actinopterygii,Labriformes,Labridae,,,Cheilinus,Cheilinus undulatus,,Girley S. Gumanao,girley.gumanao@dnsc.edu.ph,,,
DNSC_ND_003A,Chordata,Actinopterygii,Labriformes,Labridae,,,Novaculichthys,Novaculoides macrolepidotus,,Girley S. Gumanao,girley.gumanao@dnsc.edu.ph,,Novaculichthys macrolepidotus,yes
DNSC_ND_005A,Chordata,Actinopterygii,Labriformes,Labridae,,,Macropharyngodon,Macropharyngodon meleagris,,Girley S. Gumanao,girley.gumanao@dnsc.edu.ph,,,
DNSC_ND_006A,Chordata,Actinopterygii,Labriformes,Labridae,,,Labropsis,Labropsis manabei,,Girley S. Gumanao,girley.gumanao@dnsc.edu.ph,,,
DNSC_ND_008A,Chordata,Actinopterygii,Labriformes,Labridae,,,Thalassoma,Thalassoma amblycephalum,,Girley S. Gumanao,girley.gumanao@dnsc.edu.ph,,,
DNSC_ND_012A,Chordata,Actinopterygii,Labriformes,Labridae,,,Thalassoma,Thalassoma jansenii,,Girley S. Gumanao,girley.gumanao@dnsc.edu.ph,,,
DNSC_ND_014A,Chordata,Actinopterygii,Labriformes,Labridae,,,Hologymnosus,Hologymnosus annulatus,,Girley S. Gumanao,girley.gumanao@dnsc.edu.ph,,,
DNSC_ND_040A,Chordata,Actinopterygii,Holocentriformes,Holocentridae,Holocentrinae,,Sargocentron,Sargocentron rubrum,,Girley S. Gumanao,girley.gumanao@dnsc.edu.ph,,,
FDP_GOVG_2202_001A,Chordata,Actinopterygii,Perciformes,Lutjanidae,Lutjaninae,,Lutjanus,Lutjanus gibbus,,Maybelle Fortaleza,mafortaleza@up.edu.ph,,,
FDP_GOVG_2202_002A,Chordata,Actinopterygii,Perciformes,Chaetodontidae,,,Heniochus,Heniochus varius,,Maybelle Fortaleza,mafortaleza@up.edu.ph,,,
FDP_GOVG_2202_003A,Chordata,Actinopterygii,Perciformes,Chaetodontidae,,,Coradion,Coradion chrysozonus,,Maybelle Fortaleza,mafortaleza@up.edu.ph,,,
FDP_GOVG_2202_004A,Chordata,Actinopterygii,Perciformes,Chaetodontidae,,,Chaetodon,Chaetodon unimaculatus,,Maybelle Fortaleza,mafortaleza@up.edu.ph,,,
FDP_GOVG_2202_005A,Chordata,Actinopterygii,Acanthuriformes,Acanthuridae,Nasinae,,Naso,Naso brevirostris,,Maybelle Fortaleza,mafortaleza@up.edu.ph,,,
FDP_GOVG_2202_007A,Chordata,Actinopterygii,Acanthuriformes,Acanthuridae,Nasinae,,Naso,Naso minor,,Maybelle Fortaleza,mafortaleza@up.edu.ph,,,
FDP_GOVG_2202_009A,Chordata,Actinopterygii,Holocentriformes,Holocentridae,Myripristinae,,Myripristis,Myripristis adusta,,Maybelle Fortaleza,mafortaleza@up.edu.ph,,,
FDP_GOVG_2202_010A,Chordata,Actinopterygii,Holocentriformes,Holocentridae,Myripristinae,,Myripristis,Myripristis violacea,,Maybelle Fortaleza,mafortaleza@up.edu.ph,,,
FDP_GOVG_2202_011A,Chordata,Actinopterygii,Holocentriformes,Holocentridae,Myripristinae,,Myripristis,Myripristis berndti,,Maybelle Fortaleza,mafortaleza@up.edu.ph,,,
FDP_GOVG_2202_015A,Chordata,Actinopterygii,Perciformes,Haemulidae,Plectorhinchinae,,Diagramma,Diagramma melanacrum,,Maybelle Fortaleza,mafortaleza@up.edu.ph,,,
FDP_GOVG_2202_016A,Chordata,Actinopterygii,Perciformes,Haemulidae,Plectorhinchinae,,Diagramma,Diagramma pictum,,Maybelle Fortaleza,mafortaleza@up.edu.ph,,,
FDP_GOVG_2202_017A,Chordata,Actinopterygii,Perciformes,Lutjanidae,Etelinae,,Aphareus,Aphareus rutilans,,Maybelle Fortaleza,mafortaleza@up.edu.ph,,,
FDP_GOVG_2202_018A,Chordata,Actinopterygii,Perciformes,Lutjanidae,Etelinae,,Aprion,Aprion virescens,,Maybelle Fortaleza,mafortaleza@up.edu.ph,,,
FDP_GOVG_2202_020A,Chordata,Actinopterygii,Spariformes,Nemipteridae,,,Scolopsis,Scolopsis taenioptera,,Maybelle Fortaleza,mafortaleza@up.edu.ph,,,
FDP_GOVG_2202_021A,Chordata,Actinopterygii,Spariformes,Nemipteridae,,,Scolopsis,Scolopsis affinis,,Maybelle Fortaleza,mafortaleza@up.edu.ph,,,
FDP_GOVG_2202_022A,Chordata,Actinopterygii,Spariformes,Nemipteridae,,,Nemipterus,Nemipterus peronii,,Maybelle Fortaleza,mafortaleza@up.edu.ph,,,
FDP_GOVG_2202_022B,Chordata,Actinopterygii,Spariformes,Nemipteridae,,,Nemipterus,Nemipterus peronii,,Maybelle Fortaleza,mafortaleza@up.edu.ph,,,
FDP_GOVG_2202_023A,Chordata,Actinopterygii,Holocentriformes,Holocentridae,Myripristinae,,Myripristis,Myripristis kuntee,,Maybelle Fortaleza,mafortaleza@up.edu.ph,,,
FDP_GOVG_2202_024A,Chordata,Actinopterygii,Perciformes,Priacanthidae,,,Heteropriacanthus,Heteropriacanthus cruentatus,,Joemarie J Lanutan,jjlanutan@up.edu.ph,,,
FDP_GOVG_2202_025A,Chordata,Actinopterygii,Perciformes,Priacanthidae,,,Priacanthus,Priacanthus blochii,,Maybelle Fortaleza,mafortaleza@up.edu.ph,,,
FDP_GOVG_2202_026A,Chordata,Actinopterygii,Perciformes,Mullidae,,,Mulloidichthys,Mulloidichthys flavolineatus,,Maybelle Fortaleza,mafortaleza@up.edu.ph,,,
FDP_GOVG_2202_027A,Chordata,Actinopterygii,Perciformes,Mullidae,,,Upeneus,Upeneus vittatus,,Maybelle Fortaleza,mafortaleza@up.edu.ph,,,
FDP_GOVG_2202_029A,Chordata,Actinopterygii,Perciformes,Mullidae,,,Parupeneus,Parupeneus heptacanthus,,Maybelle Fortaleza,mafortaleza@up.edu.ph,,,
FDP_GOVG_2202_030A,Chordata,Actinopterygii,Perciformes,Priacanthidae,,,Priacanthus,Priacanthus blochii,,Maybelle Fortaleza,mafortaleza@up.edu.ph,,,
FDP_GOVG_2202_031A,Chordata,Actinopterygii,Perciformes,Priacanthidae,,,Heteropriacanthus,Heteropriacanthus cruentatus,,Maybelle Fortaleza,mafortaleza@up.edu.ph,,,
FDP_GOVG_2202_032A,Chordata,Actinopterygii,Perciformes,Lutjanidae,Lutjaninae,,Lutjanus,Lutjanus bohar,,Maybelle Fortaleza,mafortaleza@up.edu.ph,,,
FDP_GOVG_2202_034A,Chordata,Actinopterygii,Perciformes,Siganidae,,,Siganus,Siganus punctatus,,Maybelle Fortaleza,mafortaleza@up.edu.ph,,,
FDP_GOVG_2202_035A,Chordata,Actinopterygii,Perciformes,Serranidae,Epinephelinae,,Cephalopholis,Cephalopholis cyanostigma,,Maybelle Fortaleza,mafortaleza@up.edu.ph,,,
FDP_GOVG_2202_037A,Chordata,Actinopterygii,Perciformes,Serranidae,Epinephelinae,,Epinephelus,Epinephelus bontoides,,Maybelle Fortaleza,mafortaleza@up.edu.ph,,,
FDP_GOVG_2202_038A,Chordata,Actinopterygii,Perciformes,Serranidae,Epinephelinae,,Variola,Variola louti,,Maybelle Fortaleza,mafortaleza@up.edu.ph,,,
FDP_GOVG_2202_039A,Chordata,Actinopterygii,Perciformes,Serranidae,Epinephelinae,,Epinephelus,Epinephelus polyphekadion,,Maybelle Fortaleza,mafortaleza@up.edu.ph,,,
FDP_GOVG_2202_040A,Chordata,Actinopterygii,Tetraodontiformes,Balistidae,,,Balistoides,Balistoides viridescens,,Maybelle Fortaleza,mafortaleza@up.edu.ph,,,
FDP_GOVG_2202_042A,Chordata,Actinopterygii,Spariformes,Lethrinidae,,,Lethrinus,Lethrinus atkinsoni,,Maybelle Fortaleza,mafortaleza@up.edu.ph,,,
FDP_GOVG_2202_043A,Chordata,Actinopterygii,Spariformes,Lethrinidae,,,Gymnocranius,Gymnocranius elongatus,,Joemarie J Lanutan,jjlanutan@up.edu.ph,,,
FDP_GOVG_2202_044A,Chordata,Actinopterygii,Spariformes,Lethrinidae,,,Lethrinus,Lethrinus semicinctus,,Maybelle Fortaleza,mafortaleza@up.edu.ph,,,
FDP_GOVG_2202_046A,Chordata,Actinopterygii,Spariformes,Lethrinidae,,,Lethrinus,Lethrinus obsoletus,,Maybelle Fortaleza,mafortaleza@up.edu.ph,,,
FDP_GOVG_2202_047A,Chordata,Actinopterygii,Spariformes,Lethrinidae,,,Lethrinus,Lethrinus sp.,,Maybelle Fortaleza,mafortaleza@up.edu.ph,,sp.,yes
FDP_GOVG_2202_048A,Chordata,Actinopterygii,Spariformes,Lethrinidae,,,Lethrinus,Lethrinus olivaceus,,Maybelle Fortaleza,mafortaleza@up.edu.ph,,,
FDP_GOVG_2204_002A,Chordata,Actinopterygii,Perciformes,Haemulidae,Plectorhinchinae,,Plectorhinchus,Plectorhinchus chaetodonoides,,Maybelle Fortaleza,mafortaleza@up.edu.ph,,,
FDP_GOVG_2204_003A,Chordata,Actinopterygii,Spariformes,Lethrinidae,,,Lethrinus,Lethrinus erythracanthus,,Maybelle Fortaleza,mafortaleza@up.edu.ph,,,
FDP_GOVG_2204_004A,Chordata,Actinopterygii,Holocentriformes,Holocentridae,Holocentrinae,,Sargocentron,Sargocentron caudimaculatum,,Maybelle Fortaleza,mafortaleza@up.edu.ph,,,
FDP_GOVG_2204_005A,Chordata,Actinopterygii,Holocentriformes,Holocentridae,Myripristinae,,Myripristis,Myripristis hexagona,,Maybelle Fortaleza,mafortaleza@up.edu.ph,,,
FDP_GOVG_2204_007A,Chordata,Actinopterygii,Holocentriformes,Holocentridae,Myripristinae,,Myripristis,Myripristis adusta,,Maybelle Fortaleza,mafortaleza@up.edu.ph,,,
FDP_GOVG_2204_010A,Chordata,Actinopterygii,Perciformes,Serranidae,Epinephelinae,,Cephalopholis,Cephalopholis spiloparaea,,Joemarie J Lanutan,jjlanutan@up.edu.ph,,,
FDP_GOVG_2204_012A,Chordata,Actinopterygii,Perciformes,Siganidae,,,Siganus,Siganus doliatus,,Maybelle Fortaleza,mafortaleza@up.edu.ph,,,
FDP_GOVG_2204_013A,Chordata,Actinopterygii,Perciformes,Siganidae,,,Siganus,Siganus vulpinus,,Maybelle Fortaleza,mafortaleza@up.edu.ph,,,
FDP_GOVG_2204_014A,Chordata,Actinopterygii,Perciformes,Siganidae,,,Siganus,Siganus punctatissimus,,Maybelle Fortaleza,mafortaleza@up.edu.ph,,,
FDP_GOVG_2204_016A,Chordata,Actinopterygii,Perciformes,Priacanthidae,,,Priacanthus,Priacanthus blochii,,Maybelle Fortaleza,mafortaleza@up.edu.ph,,,
FDP_GOVG_2204_017A,Chordata,Actinopterygii,Acanthuriformes,Acanthuridae,Nasinae,,Naso,Naso vlamingii,,Maybelle Fortaleza,mafortaleza@up.edu.ph,,,
FDP_GOVG_2204_023A,Chordata,Actinopterygii,Labriformes,Scaridae,,,Scarus,Scarus tricolor,,Maybelle Fortaleza,mafortaleza@up.edu.ph,,,
FDP_GOVG_2207_001A,Chordata,Actinopterygii,Perciformes,Priacanthidae,,,Priacanthus,Priacanthus blochii,,Maybelle Fortaleza,mafortaleza@up.edu.ph,,,
FDP_GOVG_2207_003A,Chordata,Actinopterygii,Labriformes,Labridae,,,Oxycheilinus,Oxycheilinus arenatus,,Maybelle Fortaleza,mafortaleza@up.edu.ph,,,
FDP_GOVG_2207_004A,Chordata,Actinopterygii,Spariformes,Nemipteridae,,,Parascolopsis,Parascolopsis eriomma,,Maybelle Fortaleza,mafortaleza@up.edu.ph,,,
FDP_GOVG_2207_005A,Chordata,Actinopterygii,Scombriformes,Scombridae,Scombrinae,,Gymnosarda,Gymnosarda unicolor,,Maybelle Fortaleza,mafortaleza@up.edu.ph,,,
FDP_GOVG_2207_006A,Chordata,Actinopterygii,Carangiformes,Carangidae,Caranginae,,Alectis,Alectis ciliaris,,Maybelle Fortaleza,mafortaleza@up.edu.ph,,,
FDP_GOVG_2207_009A,Chordata,Actinopterygii,Perciformes,Serranidae,Epinephelinae,,Cephalopholis,Cephalopholis polleni,,Maybelle Fortaleza,mafortaleza@up.edu.ph,,,
FDP_GOVG_2207_010A,Chordata,Actinopterygii,Perciformes,Serranidae,Anthiadinae,,Odontanthias,Odontanthias chrysostictus,,Maybelle Fortaleza,mafortaleza@up.edu.ph,,,
FDP_GOVG_2207_012A,Chordata,Actinopterygii,Perciformes,Serranidae,Serraninae,,Chelidoperca,Chelidoperca santosi,,Maybelle Fortaleza,mafortaleza@up.edu.ph,,,
FDP_GOVG_2207_013A,Chordata,Actinopterygii,Perciformes,Lutjanidae,Etelinae,,Pristipomoides,Pristipomoides auricilla,,Maybelle Fortaleza,mafortaleza@up.edu.ph,,,
FDP_GOVG_2207_014A,Chordata,Actinopterygii,Perciformes,Symphysanodontidae,,,Symphysanodontidae,Cymatognathus aureolateralis,,Maybelle Fortaleza,mafortaleza@up.edu.ph,,Cymatognathus aureolateralis,yes
FDP_GOVG_2207_014B,Chordata,Actinopterygii,Perciformes,Symphysanodontidae,,,Symphysanodontidae,Cymatognathus aureolateralis,,Maybelle Fortaleza,mafortaleza@up.edu.ph,,Cymatognathus aureolateralis,yes
FDP_GOVG_2207_015A,Chordata,Actinopterygii,Spariformes,Nemipteridae,,,Nemipterus,Nemipterus furcosus,,Maybelle Fortaleza,mafortaleza@up.edu.ph,,,
FDP_GOVG_2207_016A,Chordata,Actinopterygii,Perciformes,Lutjanidae,Etelinae,,Etelis,Etelis coruscans,,Maybelle Fortaleza,mafortaleza@up.edu.ph,,,
FDP_GOVG_2207_017A,Chordata,Actinopterygii,Scombriformes,Ariommatidae,,,Ariomma,Ariomma brevimanum,,Maybelle Fortaleza,mafortaleza@up.edu.ph,,,
FDP_GOVG_2207_018A,Chordata,Actinopterygii,Perciformes,Lutjanidae,Etelinae,,Pristipomoides,Pristipomoides filamentosus,,Maybelle Fortaleza,mafortaleza@up.edu.ph,,,
FDP_GOVG_2207_019A,Chordata,Actinopterygii,Perciformes,Malacanthidae,Malacanthinae,,Malacanthus,Malacanthus latovittatus,,Maybelle Fortaleza,mafortaleza@up.edu.ph,,,
FDP_GOVG_2207_020A,Chordata,Actinopterygii,Perciformes,Lutjanidae,Etelinae,,Etelis,Etelis carbunculus,,Maybelle Fortaleza,mafortaleza@up.edu.ph,,,
FDP_GOVG_2207_023A,Chordata,Actinopterygii,Perciformes,Mullidae,,,Parupeneus,Parupeneus pleurostigma,,Maybelle Fortaleza,mafortaleza@up.edu.ph,,,
FDP_GOVG_2207_025A,Chordata,Actinopterygii,Tetraodontiformes,Balistidae,,,Balistapus,Balistapus undulatus,,Maybelle Fortaleza,mafortaleza@up.edu.ph,,,
FDP_GOVG_2207_031A,Chordata,Actinopterygii,Acanthuriformes,Emmelichthyidae,,,Emmelichthys,Emmelichthys struhsakeri,,Maybelle Fortaleza,mafortaleza@up.edu.ph,,,
FDP_GOVG_2207_033A,Chordata,Actinopterygii,Spariformes,Nemipteridae,,,Nemipterus,Nemipterus balinensoides,,Maybelle Fortaleza,mafortaleza@up.edu.ph,,,
FDP_GOVG_2207_034A,Chordata,Actinopterygii,Perciformes,Priacanthidae,,,Priacanthus,Priacanthus tayenus,,Maybelle Fortaleza,mafortaleza@up.edu.ph,,,
FDP_GOVG_2207_036A,Chordata,Actinopterygii,Carangiformes,Carangidae,Caranginae,,Caranx,Caranx sexfasciatus,,Maybelle Fortaleza,mafortaleza@up.edu.ph,,,
FDP_GOVG_2207_037A,Chordata,Actinopterygii,Acanthuriformes,Acanthuridae,Acanthurinae,,Acanthurus,Acanthurus olivaceus,,Maybelle Fortaleza,mafortaleza@up.edu.ph,,,
FDP_GOVG_2207_038A,Chordata,Actinopterygii,Acanthuriformes,Acanthuridae,Nasinae,,Naso,Naso lituratus,,Maybelle Fortaleza,mafortaleza@up.edu.ph,,,
FDP_GOVG_2207_039A,Chordata,Actinopterygii,Spariformes,Nemipteridae,,,Parascolopsis,Parascolopsis melanophrys,,Maybelle Fortaleza,mafortaleza@up.edu.ph,,,
FDP_GOVG_2207_040A,Chordata,Actinopterygii,Perciformes,Lutjanidae,Lutjaninae,,Lutjanus,Lutjanus argentimaculatus,,Joemarie J Lanutan,jjlanutan@up.edu.ph,,,
FDP_GOVG_2207_041A,Chordata,Actinopterygii,Perciformes,Serranidae,Epinephelinae,,Liopropoma,Liopropoma sp.,,Maybelle Fortaleza,mafortaleza@up.edu.ph,,sp.,yes
FDP_GOVG_2207_043A,Chordata,Actinopterygii,Tetraodontiformes,Balistidae,,,Odonus,Odonus niger,,Maybelle Fortaleza,mafortaleza@up.edu.ph,,,
FDP_GOVG_2207_049A,Chordata,Actinopterygii,Labriformes,Scaridae,,,Scarus,Scarus forsteni,,Maybelle Fortaleza,mafortaleza@up.edu.ph,,,
FDP_GOVG_2207_051A,Chordata,Actinopterygii,Perciformes,Serranidae,Epinephelinae,,Saloptia,Saloptia powelli,,Maybelle Fortaleza,mafortaleza@up.edu.ph,,,
FDP_GOVG_2207_053A,Chordata,Actinopterygii,Scombriformes,Gempylidae,,,Promethichthys,Promethichthys prometheus,,Maybelle Fortaleza,mafortaleza@up.edu.ph,,,
FDP_GOVG_2207_055A,Chordata,Actinopterygii,Perciformes,Serranidae,Epinephelinae,,Epinephelus,Epinephelus maculatus,,Maybelle Fortaleza,mafortaleza@up.edu.ph,,,
FDP_GOVG_2207_057A,Chordata,Actinopterygii,Spariformes,Lethrinidae,,,Lethrinus,Lethrinus erythracanthus,,Maybelle Fortaleza,mafortaleza@up.edu.ph,,,
FDP_GOVG_2207_058A,Chordata,Actinopterygii,Perciformes,Lutjanidae,Lutjaninae,,Lutjanus,Lutjanus bengalensis,,Maybelle Fortaleza,mafortaleza@up.edu.ph,,,
FDP_GOVG_2207_059A,Chordata,Actinopterygii,Perciformes,Lutjanidae,Lutjaninae,,Lutjanus,Lutjanus rufolineatus,,Maybelle Fortaleza,mafortaleza@up.edu.ph,,,
FDP_GOVG_2207_060A,Chordata,Actinopterygii,Perciformes,Serranidae,Epinephelinae,,Aethaloperca,Aethaloperca rogaa,,Maybelle Fortaleza,mafortaleza@up.edu.ph,,,
FDP_GOVG_2207_064A,Chordata,Actinopterygii,Labriformes,Labridae,,,Cheilinus,Cheilinus chlorourus,,Maybelle Fortaleza,mafortaleza@up.edu.ph,,,
FDP_GOVG_2207_065A,Chordata,Actinopterygii,Labriformes,Scaridae,,,Scarus,Scarus chameleon,,Maybelle Fortaleza,mafortaleza@up.edu.ph,,,
FDP_GOVG_2207_066A,Chordata,Actinopterygii,Labriformes,Scaridae,,,Scarus,Scarus chameleon,,Maybelle Fortaleza,mafortaleza@up.edu.ph,,,
FDP_GOVG_2208_001A,Chordata,Actinopterygii,Perciformes,Symphysanodontidae,,,Symphysanodon,Symphysanodon typus,,Maybelle Fortaleza,mafortaleza@up.edu.ph,,,
FDP_GOVG_2208_002A,Chordata,Actinopterygii,Perciformes,Lutjanidae,Apsilinae,,Paracaesio,Paracaesio xanthura,,Maybelle Fortaleza,mafortaleza@up.edu.ph,,,
FDP_GOVG_2208_003A,Chordata,Actinopterygii,Carangiformes,Carangidae,Caranginae,,Atule,Atule mate,,Maybelle Fortaleza,mafortaleza@up.edu.ph,,,
FDP_GOVG_2208_010A,Chordata,Actinopterygii,Carangiformes,Carangidae,Caranginae,,Ferdauia,Ferdauia ferdau,,Maybelle Fortaleza,mafortaleza@up.edu.ph,,Ferdauia ferdau,check with original datasheet
FDP_GOVG_2208_011A,Chordata,Actinopterygii,Carangiformes,Carangidae,Caranginae,,Craterognathus,Craterognathus plagiotaenia,,Maybelle Fortaleza,mafortaleza@up.edu.ph,,Craterognathus plagiotaenia,check with original datasheet
FDP_GOVG_2208_017A,Chordata,Actinopterygii,Perciformes,Lutjanidae,Lutjaninae,,Lutjanus,Lutjanus vitta,,Maybelle Fortaleza,mafortaleza@up.edu.ph,,,
FDP_GOVG_2208_024A,Chordata,Actinopterygii,Tetraodontiformes,Balistidae,,,Sufflamen,Sufflamen chrysopterum,,Maybelle Fortaleza,mafortaleza@up.edu.ph,,,
FDP_GOVG_2208_026A,Chordata,Actinopterygii,Spariformes,Lethrinidae,,,Lethrinus,Lethrinus olivaceus,,Maybelle Fortaleza,mafortaleza@up.edu.ph,,,
FDP_GOVG_2208_027A,Chordata,Actinopterygii,Spariformes,Lethrinidae,,,Monotaxis,Monotaxis heterodon,,Maybelle Fortaleza,mafortaleza@up.edu.ph,,,
FDP_GOVG_2208_031A,Chordata,Actinopterygii,Perciformes,Lutjanidae,Lutjaninae,,Lutjanus,Lutjanus argentimaculatus,,Maybelle Fortaleza,mafortaleza@up.edu.ph,,,
FDP_GOVG_2208_032A,Chordata,Actinopterygii,Perciformes,Lutjanidae,Lutjaninae,,Lutjanus,Lutjanus sebae,,Maybelle Fortaleza,mafortaleza@up.edu.ph,,,
FDP_GOVG_2208_034A,Chordata,Actinopterygii,Perciformes,Lutjanidae,Lutjaninae,,Lutjanus,Lutjanus gibbus,,Maybelle Fortaleza,mafortaleza@up.edu.ph,,,
FDP_GOVG_2208_035A,Chordata,Actinopterygii,Perciformes,Lutjanidae,Lutjaninae,,Lutjanus,Lutjanus timoriensis,,Maybelle Fortaleza,mafortaleza@up.edu.ph,,,
FDP_GOVG_2208_039A,Chordata,Actinopterygii,Scombriformes,Nomeidae,,,Cubiceps,Cubiceps pauciradiatus,,Maybelle Fortaleza,mafortaleza@up.edu.ph,,,
FDP_GOVG_2208_040A,Chordata,Actinopterygii,Spariformes,Lobotidae,,,Lobotes,Lobotes surinamensis,,Maybelle Fortaleza,mafortaleza@up.edu.ph,,,
FDP_GOVG_2208_046A,Chordata,Actinopterygii,Labriformes,Labridae,,,Halichoeres,Halichoeres hortulanus,,Maybelle Fortaleza,mafortaleza@up.edu.ph,,,
FDP_GOVG_2208_047A,Chordata,Actinopterygii,Labriformes,Labridae,,,Hemigymnus,Hemigymnus fasciatus,,Maybelle Fortaleza,mafortaleza@up.edu.ph,,,
FDP_GOVG_2208_048A,Chordata,Actinopterygii,Labriformes,Scaridae,,,Scarus,Scarus flavipectoralis,,Maybelle Fortaleza,mafortaleza@up.edu.ph,,,
FDP_GOVG_2208_049A,Chordata,Actinopterygii,Labriformes,Scaridae,,,Chlorurus,Chlorurus japanensis,,Maybelle Fortaleza,mafortaleza@up.edu.ph,,,
FDP_GOVG_2208_050A,Chordata,Actinopterygii,Labriformes,Scaridae,,,Scarus,Scarus altipinnis,,Maybelle Fortaleza,mafortaleza@up.edu.ph,,,
FDP_GOVG_2208_051A,Chordata,Actinopterygii,Labriformes,Scaridae,,,Scarus,Scarus rivulatus,,Maybelle Fortaleza,mafortaleza@up.edu.ph,,,
FDP_GOVG_2209_002A,Chordata,Actinopterygii,Labriformes,Labridae,,,Iniistius,Iniistius bimaculatus,,Maybelle Fortaleza,mafortaleza@up.edu.ph,,,
FDP_GOVG_2209_003A,Chordata,Actinopterygii,Labriformes,Labridae,,,Oxycheilinus,Oxycheilinus bimaculatus,,Maybelle Fortaleza,mafortaleza@up.edu.ph,,,
FDP_GOVG_2209_004A,Chordata,Actinopterygii,Labriformes,Labridae,,,Leptojulis,Leptojulis lambdastigma,,Maybelle Fortaleza,mafortaleza@up.edu.ph,,,
FDP_GOVG_2209_006A,Chordata,Actinopterygii,Perciformes,Leiognathidae,Leiognathinae,,Aurigequula,Aurigequula fasciata,,Maybelle Fortaleza,mafortaleza@up.edu.ph,,,
FDP_GOVG_2209_007A,Chordata,Actinopterygii,Carangiformes,Carangidae,Trachinotinae,,Trachinotus,Trachinotus baillonii,,Maybelle Fortaleza,mafortaleza@up.edu.ph,,,
FDP_GOVG_2209_010A,Chordata,Actinopterygii,Beloniformes,Belonidae,,,Tylosurus,Tylosurus crocodilus,,Maybelle Fortaleza,mafortaleza@up.edu.ph,,,
FDP_GOVG_2209_011A,Chordata,Actinopterygii,Ovalentaria,Pomacentridae,Amphiprioninae,,Amphiprion,Amphiprion clarkii,,Maybelle Fortaleza,mafortaleza@up.edu.ph,,,
FDP_IGCS_2110_001A,Chordata,Actinopterygii,Perciformes,Haemulidae,Plectorhinchinae,,Plectorhinchus,Plectorhinchus gibbosus,,Maybelle Fortaleza,mafortaleza@up.edu.ph,,,
FDP_IGCS_2110_001B,Chordata,Actinopterygii,Perciformes,Haemulidae,Plectorhinchinae,,Plectorhinchus,Plectorhinchus gibbosus,,Maybelle Fortaleza,mafortaleza@up.edu.ph,,,
FDP_IGCS_2110_003A,Chordata,Actinopterygii,Labriformes,Scaridae,,,Scarus,Scarus dimidiatus,,Maybelle Fortaleza,mafortaleza@up.edu.ph,,,
FDP_IGCS_2111_001A,Chordata,Actinopterygii,Labriformes,Labridae,,,Stethojulis,Stethojulis trilineata,,Maybelle Fortaleza,mafortaleza@up.edu.ph,,,
FDP_IGCS_2111_001B,Chordata,Actinopterygii,Labriformes,Labridae,,,Stethojulis,Stethojulis trilineata,,Maybelle Fortaleza,mafortaleza@up.edu.ph,,,
FDP_IGCS_2111_002A,Chordata,Actinopterygii,Labriformes,Labridae,,,Halichoeres,Halichoeres scapularis,,Maybelle Fortaleza,mafortaleza@up.edu.ph,,,
FDP_IGCS_2111_003A,Chordata,Actinopterygii,Labriformes,Labridae,,,Thalassoma,Thalassoma hardwicke,,Maybelle Fortaleza,mafortaleza@up.edu.ph,,,
FDP_IGCS_2111_004A,Chordata,Actinopterygii,Labriformes,Labridae,,,Halichoeres,Halichoeres chloropterus,,Maybelle Fortaleza,mafortaleza@up.edu.ph,,,
FDP_IGCS_2111_006A,Chordata,Actinopterygii,Perciformes,Chaetodontidae,,,Chaetodon,Chaetodon vagabundus,,Maybelle Fortaleza,mafortaleza@up.edu.ph,,,
FDP_IGCS_2111_010A,Chordata,Actinopterygii,Acanthuriformes,Acanthuridae,Nasinae,,Naso,Naso hexacanthus,,Maybelle Fortaleza,mafortaleza@up.edu.ph,,,
FDP_IGCS_2111_011A,Chordata,Actinopterygii,Holocentriformes,Holocentridae,Myripristinae,,Myripristis,Myripristis violacea,,Maybelle Fortaleza,mafortaleza@up.edu.ph,,,
FDP_IGCS_2111_012A,Chordata,Actinopterygii,Tetraodontiformes,Monacanthidae,,,Cantherhines,Cantherhines pardalis,,Maybelle Fortaleza,mafortaleza@up.edu.ph,,,
FDP_IGCS_2111_013A,Chordata,Actinopterygii,Perciformes,Serranidae,Epinephelinae,,Variola,Variola albimarginata,,Maybelle Fortaleza,mafortaleza@up.edu.ph,,,
FDP_IGCS_2111_013C,Chordata,Actinopterygii,Perciformes,Serranidae,Epinephelinae,,Variola,Variola albimarginata,,Maybelle Fortaleza,mafortaleza@up.edu.ph,,,
FDP_IGCS_2111_014A,Chordata,Actinopterygii,Perciformes,Serranidae,Epinephelinae,,Anyperodon,Anyperodon leucogrammicus,,Maybelle Fortaleza,mafortaleza@up.edu.ph,,,
FDP_IGCS_2111_014B,Chordata,Actinopterygii,Perciformes,Serranidae,Epinephelinae,,Anyperodon,Anyperodon leucogrammicus,,Maybelle Fortaleza,mafortaleza@up.edu.ph,,,
FDP_IGCS_2111_015A,Chordata,Actinopterygii,Perciformes,Serranidae,Epinephelinae,,Diploprion,Diploprion bifasciatum,,Maybelle Fortaleza,mafortaleza@up.edu.ph,,,
FDP_IGCS_2111_016A,Chordata,Actinopterygii,Perciformes,Serranidae,Epinephelinae,,Cephalopholis,Cephalopholis microprion,,Maybelle Fortaleza,mafortaleza@up.edu.ph,,,
FDP_IGCS_2111_017A,Chordata,Actinopterygii,Perciformes,Serranidae,Epinephelinae,,Epinephelus,Epinephelus ongus,,Maybelle Fortaleza,mafortaleza@up.edu.ph,,,
FDP_IGCS_2111_018A,Chordata,Actinopterygii,Perciformes,Mullidae,,,Parupeneus,Parupeneus barberinus,,Maybelle Fortaleza,mafortaleza@up.edu.ph,,,
FDP_IGCS_2111_019A,Chordata,Actinopterygii,Spariformes,Nemipteridae,,,Scolopsis,Scolopsis margaritifera,,Maybelle Fortaleza,mafortaleza@up.edu.ph,,,
FDP_IGCS_2111_019C,Chordata,Actinopterygii,Spariformes,Nemipteridae,,,Scolopsis,Scolopsis margaritifera,,Maybelle Fortaleza,mafortaleza@up.edu.ph,,,
FDP_IGCS_2111_020A,Chordata,Actinopterygii,Perciformes,Siganidae,,,Siganus,Siganus vulpinus,,Maybelle Fortaleza,mafortaleza@up.edu.ph,,,
FDP_IGCS_2111_020B,Chordata,Actinopterygii,Perciformes,Siganidae,,,Siganus,Siganus vulpinus,,Maybelle Fortaleza,mafortaleza@up.edu.ph,,,
FDP_IGCS_2111_021A,Chordata,Actinopterygii,Ovalentaria,Pomacentridae,Pomacentrinae,,Abudefduf,Abudefduf vaigiensis,,Maybelle Fortaleza,mafortaleza@up.edu.ph,,,
FDP_IGCS_2111_021B,Chordata,Actinopterygii,Ovalentaria,Pomacentridae,Pomacentrinae,,Abudefduf,Abudefduf vaigiensis,,Maybelle Fortaleza,mafortaleza@up.edu.ph,,,
FDP_IGCS_2111_022A,Chordata,Actinopterygii,Labriformes,Scaridae,,,Scarus,Scarus dimidiatus,,Maybelle Fortaleza,mafortaleza@up.edu.ph,,,
FDP_IGCS_2111_022B,Chordata,Actinopterygii,Labriformes,Scaridae,,,Scarus,Scarus dimidiatus,,Maybelle Fortaleza,mafortaleza@up.edu.ph,,,
FDP_IGCS_2111_023A,Chordata,Actinopterygii,Spariformes,Nemipteridae,,,Nemipterus,Nemipterus zysron,,Maybelle Fortaleza,mafortaleza@up.edu.ph,,,
FDP_IGCS_2111_023B,Chordata,Actinopterygii,Spariformes,Nemipteridae,,,Nemipterus,Nemipterus peronii,,Maybelle Fortaleza,mafortaleza@up.edu.ph,,,
FDP_IGCS_2111_024A,Chordata,Actinopterygii,Perciformes,Chaetodontidae,,,Heniochus,Heniochus varius,,Maybelle Fortaleza,mafortaleza@up.edu.ph,,,
FDP_IGCS_2111_025A,Chordata,Actinopterygii,Labriformes,Labridae,,,Choerodon,Choerodon zosterophorus,,Maybelle Fortaleza,mafortaleza@up.edu.ph,,,
FDP_IGCS_2111_027A,Chordata,Actinopterygii,Acanthuriformes,Acanthuridae,Nasinae,,Naso,Naso unicornis,,Maybelle Fortaleza,mafortaleza@up.edu.ph,,,
FDP_IGCS_2112_001A,Chordata,Actinopterygii,Perciformes,Mullidae,,,Parupeneus,Parupeneus cyclostomus,,Maybelle Fortaleza,mafortaleza@up.edu.ph,,,
FDP_IGCS_2201_001A,Chordata,Actinopterygii,Holocentriformes,Holocentridae,Myripristinae,,Myripristis,Myripristis hexagona,,Maybelle Fortaleza,mafortaleza@up.edu.ph,,,
FDP_IGCS_2201_001C,Chordata,Actinopterygii,Holocentriformes,Holocentridae,Myripristinae,,Myripristis,Myripristis hexagona,,Maybelle Fortaleza,mafortaleza@up.edu.ph,,,
FDP_IGCS_2201_002A,Chordata,Actinopterygii,Holocentriformes,Holocentridae,Holocentrinae,,Sargocentron,Sargocentron spiniferum,,Maybelle Fortaleza,mafortaleza@up.edu.ph,,,
FDP_IGCS_2201_003A,Chordata,Actinopterygii,Perciformes,Chaetodontidae,,,Chaetodon,Chaetodon oxycephalus,,Joemarie J Lanutan,jjlanutan@up.edu.ph,,,
FDP_IGCS_2201_004A,Chordata,Actinopterygii,Perciformes,Chaetodontidae,,,Heniochus,Heniochus varius,,Maybelle Fortaleza,mafortaleza@up.edu.ph,,,
FDP_IGCS_2201_005A,Chordata,Actinopterygii,Acanthuriformes,Acanthuridae,Acanthurinae,,Ctenochaetus,Ctenochaetus striatus,,Maybelle Fortaleza,mafortaleza@up.edu.ph,,,
FDP_IGCS_2201_007A,Chordata,Actinopterygii,Spariformes,Nemipteridae,,,Scolopsis,Scolopsis margaritifera,,Maybelle Fortaleza,mafortaleza@up.edu.ph,,,
FDP_IGCS_2201_009A,Chordata,Actinopterygii,Perciformes,Caesionidae,,,Pterocaesio,Pterocaesio pisang,,Maybelle Fortaleza,mafortaleza@up.edu.ph,,,
FDP_IGCS_2201_009B,Chordata,Actinopterygii,Perciformes,Caesionidae,,,Pterocaesio,Pterocaesio pisang,,Maybelle Fortaleza,mafortaleza@up.edu.ph,,,
FDP_IGCS_2201_010A,Chordata,Actinopterygii,Perciformes,Caesionidae,,,Caesio,Caesio cuning,,Maybelle Fortaleza,mafortaleza@up.edu.ph,,,
FDP_IGCS_2201_011A,Chordata,Actinopterygii,Scombriformes,Scombridae,Scombrinae,,Rastrelliger,Rastrelliger kanagurta,,Maybelle Fortaleza,mafortaleza@up.edu.ph,,,
FDP_IGCS_2201_011B,Chordata,Actinopterygii,Scombriformes,Scombridae,Scombrinae,,Rastrelliger,Rastrelliger kanagurta,,Maybelle Fortaleza,mafortaleza@up.edu.ph,,,
FDP_IGCS_2201_013A,Chordata,Actinopterygii,Perciformes,Mullidae,,,Upeneus,Upeneus tragula,,Maybelle Fortaleza,mafortaleza@up.edu.ph,,,
FDP_IGCS_2201_013B,Chordata,Actinopterygii,Perciformes,Mullidae,,,Upeneus,Upeneus tragula,,Maybelle Fortaleza,mafortaleza@up.edu.ph,,,
FDP_IGCS_2201_014A,Chordata,Actinopterygii,Labriformes,Labridae,,,Halichoeres,Halichoeres chloropterus,,Maybelle Fortaleza,mafortaleza@up.edu.ph,,,
FDP_IGCS_2201_015A,Chordata,Actinopterygii,Labriformes,Labridae,,,Cheilinus,Cheilinus fasciatus,,Maybelle Fortaleza,mafortaleza@up.edu.ph,,,
FDP_IGCS_2201_016B,Chordata,Actinopterygii,Labriformes,Labridae,,,Epibulus,Epibulus brevis,,Maybelle Fortaleza,mafortaleza@up.edu.ph,,,
FDP_IGCS_2201_016C,Chordata,Actinopterygii,Labriformes,Labridae,,,Epibulus,Epibulus brevis,,Maybelle Fortaleza,mafortaleza@up.edu.ph,,,
FDP_IGCS_2201_017A,Chordata,Actinopterygii,Blenniiformes,Blenniidae,Salariinae,,Salarias,Salarias fasciatus,,Joemarie J Lanutan,jjlanutan@up.edu.ph,,,
FDP_IGCS_2201_017B,Chordata,Actinopterygii,Blenniiformes,Blenniidae,Salariinae,,Salarias,Salarias fasciatus,,Maybelle Fortaleza,mafortaleza@up.edu.ph,,,
FDP_IGCS_2201_019A,Chordata,Actinopterygii,Labriformes,Scaridae,,,Calotomus,Calotomus carolinus,,Maybelle Fortaleza,mafortaleza@up.edu.ph,,,
FDP_IGCS_2201_019B,Chordata,Actinopterygii,Labriformes,Scaridae,,,Calotomus,Calotomus spinidens,,Maybelle Fortaleza,mafortaleza@up.edu.ph,,,
FDP_IGCS_2202_001A,Chordata,Actinopterygii,Perciformes,Caesionidae,,,Pterocaesio,Pterocaesio tessellata,,Kevin L. Labrador,kllabrador@up.edu.ph,,,
FDP_IGCS_2202_001B,Chordata,Actinopterygii,Perciformes,Caesionidae,,,Pterocaesio,Pterocaesio tessellata,,Kevin L. Labrador,kllabrador@up.edu.ph,,,
FDP_IGCS_2202_002A,Chordata,Actinopterygii,Perciformes,Caesionidae,,,Pterocaesio,Pterocaesio tessellata,,Maybelle Fortaleza,mafortaleza@up.edu.ph,,,
FDP_IGCS_2202_004A,Chordata,Actinopterygii,Perciformes,Mullidae,,,Upeneus,Upeneus tragula,,Maybelle Fortaleza,mafortaleza@up.edu.ph,,,
FDP_IGCS_2202_008A,Chordata,Actinopterygii,Labriformes,Labridae,,,Cheilio,Cheilio inermis,,Maybelle Fortaleza,mafortaleza@up.edu.ph,,,
FDP_IGCS_2202_009A,Chordata,Actinopterygii,Perciformes,Siganidae,,,Siganus,Siganus puellus,,Maybelle Fortaleza,mafortaleza@up.edu.ph,,,
FDP_IGCS_2202_010A,Chordata,Actinopterygii,Perciformes,Siganidae,,,Siganus,Siganus corallinus,,Maybelle Fortaleza,mafortaleza@up.edu.ph,,,
FDP_IGCS_2202_011A,Chordata,Actinopterygii,Labriformes,Scaridae,,,Scarus,Scarus ghobban,,Maybelle Fortaleza,mafortaleza@up.edu.ph,,,
FDP_IGCS_2202_012A,Chordata,Actinopterygii,Labriformes,Scaridae,,,Scarus,Scarus dimidiatus,,Maybelle Fortaleza,mafortaleza@up.edu.ph,,,
FDP_IGCS_2202_014A,Chordata,Actinopterygii,Perciformes,Serranidae,Epinephelinae,,Cephalopholis,Cephalopholis spiloparaea,,Kevin L. Labrador,kllabrador@up.edu.ph,,,
FDP_IGCS_2202_016A,Chordata,Actinopterygii,Perciformes,Serranidae,Epinephelinae,,Cephalopholis,Cephalopholis sexmaculata,,Kevin L. Labrador,kllabrador@up.edu.ph,,,
FDP_IGCS_2202_016B,Chordata,Actinopterygii,Perciformes,Serranidae,Epinephelinae,,Cephalopholis,Cephalopholis sexmaculata,,Kevin L. Labrador,kllabrador@up.edu.ph,,,
FDP_IGCS_2202_019A,Chordata,Actinopterygii,Labriformes,Labridae,,,Epibulus,Epibulus brevis,,Maybelle Fortaleza,mafortaleza@up.edu.ph,,,
FDP_IGCS_2202_020A,Chordata,Actinopterygii,Tetraodontiformes,Monacanthidae,,,Aluterus,Aluterus scriptus,,Maybelle Fortaleza,mafortaleza@up.edu.ph,,,
FDP_IGCS_2202_021A,Chordata,Actinopterygii,Perciformes,Toxotidae,,,Toxotes,Toxotes jaculatrix,,Maybelle Fortaleza,mafortaleza@up.edu.ph,,,
FDP_IGCS_2202_021B,Chordata,Actinopterygii,Perciformes,Toxotidae,,,Toxotes,Toxotes jaculatrix,,Maybelle Fortaleza,mafortaleza@up.edu.ph,,,
FDP_IGCS_2202_022A,Chordata,Actinopterygii,Tetraodontiformes,Balistidae,,,Canthidermis,Canthidermis maculata,,Maybelle Fortaleza,mafortaleza@up.edu.ph,,,
FDP_IGCS_2202_022B,Chordata,Actinopterygii,Tetraodontiformes,Balistidae,,,Canthidermis,Canthidermis maculata,,Maybelle Fortaleza,mafortaleza@up.edu.ph,,,
FDP_IGCS_2202_023A,Chordata,Actinopterygii,Spariformes,Nemipteridae,,,Scolopsis,Scolopsis affinis,,Maybelle Fortaleza,mafortaleza@up.edu.ph,,,
FDP_IGCS_2202_028A,Chordata,Actinopterygii,Labriformes,Labridae,,,Hemigymnus,Hemigymnus melapterus,,Maybelle Fortaleza,mafortaleza@up.edu.ph,,,
FDP_IGCS_2202_031A,Chordata,Actinopterygii,Labriformes,Scaridae,,,Leptoscarus,Leptoscarus vaigiensis,,Maybelle Fortaleza,mafortaleza@up.edu.ph,,,
FDP_IGCS_2202_032A,Chordata,Actinopterygii,Scorpaeniformes,Scorpaenidae,Scorpaeninae,,Scorpaenopsis,Scorpaenopsis oxycephala,,Maybelle Fortaleza,mafortaleza@up.edu.ph,,,
FDP_IGCS_2202_035A,Chordata,Actinopterygii,Ovalentaria,Pomacentridae,Pomacentrinae,,Dischistodus,Dischistodus pseudochrysopoecilus,,Maybelle Fortaleza,mafortaleza@up.edu.ph,,,
FDP_IGCS_2202_035B,Chordata,Actinopterygii,Ovalentaria,Pomacentridae,Pomacentrinae,,Dischistodus,Dischistodus pseudochrysopoecilus,,Maybelle Fortaleza,mafortaleza@up.edu.ph,,,
FDP_IGCS_2202_036A,Chordata,Actinopterygii,Acanthuriformes,Acanthuridae,Acanthurinae,,Zebrasoma,Zebrasoma velifer,,Maybelle Fortaleza,mafortaleza@up.edu.ph,,,
FDP_IGCS_2202_037A,Chordata,Actinopterygii,Acanthuriformes,Acanthuridae,Acanthurinae,,Ctenochaetus,Ctenochaetus binotatus,,Maybelle Fortaleza,mafortaleza@up.edu.ph,,,
FDP_IGCS_2202_038A,Chordata,Actinopterygii,Labriformes,Labridae,,,Oxycheilinus,Oxycheilinus digramma,,Maybelle Fortaleza,mafortaleza@up.edu.ph,,,
FDP_IGCS_2202_039A,Chordata,Actinopterygii,Labriformes,Labridae,,,Halichoeres,Halichoeres melanurus,,Maybelle Fortaleza,mafortaleza@up.edu.ph,,,
FDP_IGCS_2202_041A,Chordata,Actinopterygii,Mugiliformes,Mugilidae,,,Planiliza,Planiliza melinoptera,,Maybelle Fortaleza,mafortaleza@up.edu.ph,,,
FDP_IGCS_2202_042A,Chordata,Actinopterygii,Moroniformes,Ephippidae,,,Platax,Platax pinnatus,,Maybelle Fortaleza,mafortaleza@up.edu.ph,,,
FDP_IGCS_2202_043A,Chordata,Actinopterygii,Perciformes,Haemulidae,Plectorhinchinae,,Plectorhinchus,Plectorhinchus polytaenia,,Maybelle Fortaleza,mafortaleza@up.edu.ph,,,
FDP_IGCS_2202_043B,Chordata,Actinopterygii,Perciformes,Haemulidae,Plectorhinchinae,,Plectorhinchus,Plectorhinchus polytaenia,,Maybelle Fortaleza,mafortaleza@up.edu.ph,,,
FDP_IGCS_2202_044A,Chordata,Actinopterygii,Perciformes,Haemulidae,Plectorhinchinae,,Plectorhinchus,Plectorhinchus vittatus,,Maybelle Fortaleza,mafortaleza@up.edu.ph,,,
FDP_IGCS_2202_046A,Chordata,Actinopterygii,Perciformes,Chaetodontidae,,,Chaetodon,Chaetodon baronessa,,Maybelle Fortaleza,mafortaleza@up.edu.ph,,,
FDP_IGCS_2202_046B,Chordata,Actinopterygii,Perciformes,Chaetodontidae,,,Chaetodon,Chaetodon baronessa,,Maybelle Fortaleza,mafortaleza@up.edu.ph,,,
FDP_IGCS_2202_046C,Chordata,Actinopterygii,Perciformes,Chaetodontidae,,,Chaetodon,Chaetodon baronessa,,Maybelle Fortaleza,mafortaleza@up.edu.ph,,,
FDP_IGCS_2202_047A,Chordata,Actinopterygii,Perciformes,Chaetodontidae,,,Chaetodon,Chaetodon kleinii,,Maybelle Fortaleza,mafortaleza@up.edu.ph,,,
FDP_IGCS_2202_047B,Chordata,Actinopterygii,Perciformes,Chaetodontidae,,,Chaetodon,Chaetodon kleinii,,Maybelle Fortaleza,mafortaleza@up.edu.ph,,,
FDP_IGCS_2202_049A,Chordata,Actinopterygii,Labriformes,Labridae,,,Thalassoma,Thalassoma lunare,,Maybelle Fortaleza,mafortaleza@up.edu.ph,,,
FDP_IGCS_2202_049B,Chordata,Actinopterygii,Labriformes,Labridae,,,Thalassoma,Thalassoma lunare,,Maybelle Fortaleza,mafortaleza@up.edu.ph,,,
FDP_IGCS_2202_049C,Chordata,Actinopterygii,Labriformes,Labridae,,,Thalassoma,Thalassoma lunare,,Maybelle Fortaleza,mafortaleza@up.edu.ph,,,
FDP_IGCS_2202_050A,Chordata,Actinopterygii,Labriformes,Labridae,,,Bodianus,Bodianus mesothorax,,Maybelle Fortaleza,mafortaleza@up.edu.ph,,,
FDP_MATI_2202_001A,Chordata,Actinopterygii,Acanthuriformes,Acanthuridae,Acanthurinae,,Acanthurus,Acanthurus pyroferus,,Maybelle Fortaleza,mafortaleza@up.edu.ph,,,
FDP_MATI_2202_002A,Chordata,Actinopterygii,Perciformes,Haemulidae,Plectorhinchinae,,Plectorhinchus,Plectorhinchus vittatus,,Maybelle Fortaleza,mafortaleza@up.edu.ph,,,
FDP_MATI_2202_003A,Chordata,Actinopterygii,Spariformes,Lethrinidae,,,Gnathodentex,Gnathodentex aureolineatus,,Maybelle Fortaleza,mafortaleza@up.edu.ph,,,
FDP_MATI_2202_004A,Chordata,Actinopterygii,Holocentriformes,Holocentridae,Holocentrinae,,Neoniphon,Neoniphon aurolineatus,,Maybelle Fortaleza,mafortaleza@up.edu.ph,,,
FDP_MATI_2202_005A,Chordata,Actinopterygii,Holocentriformes,Holocentridae,Myripristinae,,Myripristis,Myripristis berndti,,Maybelle Fortaleza,mafortaleza@up.edu.ph,,,
FDP_MATI_2202_006A,Chordata,Actinopterygii,Holocentriformes,Holocentridae,Myripristinae,,Myripristis,Myripristis pralinia,,Maybelle Fortaleza,mafortaleza@up.edu.ph,,,
FDP_MATI_2202_007A,Chordata,Actinopterygii,Holocentriformes,Holocentridae,Myripristinae,,Myripristis,Myripristis hexagona,,Maybelle Fortaleza,mafortaleza@up.edu.ph,,,
FDP_MATI_2202_008A,Chordata,Actinopterygii,Holocentriformes,Holocentridae,Holocentrinae,,Sargocentron,Sargocentron rubrum,,Maybelle Fortaleza,mafortaleza@up.edu.ph,,,
FDP_MATI_2202_009A,Chordata,Actinopterygii,Spariformes,Nemipteridae,,,Nemipterus,Nemipterus bathybius,,Maybelle Fortaleza,mafortaleza@up.edu.ph,,,
FDP_MATI_2202_010A,Chordata,Actinopterygii,Perciformes,Lutjanidae,Etelinae,,Pristipomoides,Pristipomoides multidens,,Maybelle Fortaleza,mafortaleza@up.edu.ph,,,
FDP_MATI_2202_011A,Chordata,Actinopterygii,Perciformes,Siganidae,,,Siganus,Siganus argenteus,,Maybelle Fortaleza,mafortaleza@up.edu.ph,,,
FDP_MATI_2202_012A,Chordata,Actinopterygii,Perciformes,Siganidae,,,Siganus,Siganus punctatus,,Maybelle Fortaleza,mafortaleza@up.edu.ph,,,
FDP_MATI_2202_013A,Chordata,Actinopterygii,Perciformes,Siganidae,,,Siganus,Siganus unimaculatus,,Maybelle Fortaleza,mafortaleza@up.edu.ph,,,
FDP_MATI_2202_014A,Chordata,Actinopterygii,Labriformes,Labridae,,,Stethojulis,Stethojulis trilineata,,Maybelle Fortaleza,mafortaleza@up.edu.ph,,,
FDP_MATI_2202_015A,Chordata,Actinopterygii,Labriformes,Labridae,,,Halichoeres,Halichoeres scapularis,,Maybelle Fortaleza,mafortaleza@up.edu.ph,,,
FDP_MATI_2202_016A,Chordata,Actinopterygii,Labriformes,Scaridae,,,Calotomus,Calotomus spinidens,,Maybelle Fortaleza,mafortaleza@up.edu.ph,,,
FDP_MATI_2202_017A,Chordata,Actinopterygii,Labriformes,Labridae,,,Halichoeres,Halichoeres marginatus,,Maybelle Fortaleza,mafortaleza@up.edu.ph,,,
FDP_MATI_2202_018A,Chordata,Actinopterygii,Labriformes,Labridae,,,Oxycheilinus,Oxycheilinus orientalis,,Maybelle Fortaleza,mafortaleza@up.edu.ph,,,
FDP_MATI_2202_019A,Chordata,Actinopterygii,Tetraodontiformes,Balistidae,,,Odonus,Odonus niger,,Maybelle Fortaleza,mafortaleza@up.edu.ph,,,
FDP_MATI_2202_020A,Chordata,Actinopterygii,Perciformes,Pomacanthidae,,,Pygoplites,Pygoplites diacanthus,,Maybelle Fortaleza,mafortaleza@up.edu.ph,,,
FDP_MATI_2202_021A,Chordata,Actinopterygii,Perciformes,Chaetodontidae,,,Heniochus,Heniochus varius,,Maybelle Fortaleza,mafortaleza@up.edu.ph,,,
FDP_MATI_2202_022A,Chordata,Actinopterygii,Perciformes,Chaetodontidae,,,Chaetodon,Chaetodon oxycephalus,,Maybelle Fortaleza,mafortaleza@up.edu.ph,,,
FDP_MATI_2202_023A,Chordata,Actinopterygii,Perciformes,Chaetodontidae,,,Coradion,Coradion chrysozonus,,Maybelle Fortaleza,mafortaleza@up.edu.ph,,,
FDP_MATI_2202_024A,Chordata,Actinopterygii,Perciformes,Chaetodontidae,,,Heniochus,Heniochus chrysostomus,,Maybelle Fortaleza,mafortaleza@up.edu.ph,,,
FDP_MATI_2202_025A,Chordata,Actinopterygii,Kurtiformes,Apogonidae,Apogoninae,,Cheilodipterus,Cheilodipterus macrodon,,Maybelle Fortaleza,mafortaleza@up.edu.ph,,,
FDP_MATI_2202_026A,Chordata,Actinopterygii,Spariformes,Lethrinidae,,,Lethrinus,Lethrinus erythropterus,,Maybelle Fortaleza,mafortaleza@up.edu.ph,,,
FDP_MATI_2202_027A,Chordata,Actinopterygii,Perciformes,Lutjanidae,Lutjaninae,,Pinjalo,Pinjalo lewisi,,Maybelle Fortaleza,mafortaleza@up.edu.ph,,,
FDP_SGES_2112_001A,Chordata,Actinopterygii,Perciformes,Mullidae,,,Parupeneus,Parupeneus multifasciatus,,Maybelle Fortaleza,mafortaleza@up.edu.ph,,,
FDP_SGES_2112_001D,Chordata,Actinopterygii,Perciformes,Mullidae,,,Parupeneus,Parupeneus multifasciatus,,Maybelle Fortaleza,mafortaleza@up.edu.ph,,,
FDP_SGES_2112_001F,Chordata,Actinopterygii,Perciformes,Mullidae,,,Parupeneus,Parupeneus multifasciatus,,Maybelle Fortaleza,mafortaleza@up.edu.ph,,,
FDP_SGES_2112_002A,Chordata,Actinopterygii,Perciformes,Mullidae,,,Mulloidichthys,Mulloidichthys flavolineatus,,Maybelle Fortaleza,mafortaleza@up.edu.ph,,,
FDP_SGES_2112_003B,Chordata,Actinopterygii,Perciformes,Mullidae,,,Parupeneus,Parupeneus barberinus,,Maybelle Fortaleza,mafortaleza@up.edu.ph,,,
FDP_SGES_2112_004A,Chordata,Actinopterygii,Perciformes,Mullidae,,,Parupeneus,Parupeneus barberinoides,,Maybelle Fortaleza,mafortaleza@up.edu.ph,,,
FDP_SGES_2112_006A,Chordata,Actinopterygii,Perciformes,Serranidae,Epinephelinae,,Cephalopholis,Cephalopholis leopardus,,Maybelle Fortaleza,mafortaleza@up.edu.ph,,,
FDP_SGES_2112_007A,Chordata,Actinopterygii,Perciformes,Serranidae,Epinephelinae,,Epinephelus,Epinephelus fasciatus,,Maybelle Fortaleza,mafortaleza@up.edu.ph,,,
FDP_SGES_2112_008A,Chordata,Actinopterygii,Perciformes,Serranidae,Epinephelinae,,Variola,Variola albimarginata,,Maybelle Fortaleza,mafortaleza@up.edu.ph,,,
FDP_SGES_2112_009B,Chordata,Actinopterygii,Labriformes,Scaridae,,,Scarus,Scarus niger,,Maybelle Fortaleza,mafortaleza@up.edu.ph,,,
FDP_SGES_2112_010B,Chordata,Actinopterygii,Labriformes,Scaridae,,,Scarus,Scarus dimidiatus,,Maybelle Fortaleza,mafortaleza@up.edu.ph,,,
FDP_SGES_2112_011A,Chordata,Actinopterygii,Labriformes,Scaridae,,,Scarus,Scarus spinus,,Maybelle Fortaleza,mafortaleza@up.edu.ph,,,
FDP_SGES_2112_012A,Chordata,Actinopterygii,Labriformes,Scaridae,,,Calotomus,Calotomus carolinus,,Maybelle Fortaleza,mafortaleza@up.edu.ph,,,
FDP_SGES_2112_013A,Chordata,Actinopterygii,Labriformes,Scaridae,,,Calotomus,Calotomus carolinus,,Maybelle Fortaleza,mafortaleza@up.edu.ph,,,
FDP_SGES_2112_014A,Chordata,Actinopterygii,Labriformes,Labridae,,,Cheilinus,Cheilinus trilobatus,,Maybelle Fortaleza,mafortaleza@up.edu.ph,,,
FDP_SGES_2112_015A,Chordata,Actinopterygii,Perciformes,Terapontidae,,,Pelates,Pelates quadrilineatus,,Maybelle Fortaleza,mafortaleza@up.edu.ph,,,
FDP_SGES_2112_016A,Chordata,Actinopterygii,Holocentriformes,Holocentridae,Holocentrinae,,Neoniphon,Neoniphon sammara,,Maybelle Fortaleza,mafortaleza@up.edu.ph,,,
FDP_SGES_2112_017A,Chordata,Actinopterygii,Holocentriformes,Holocentridae,Holocentrinae,,Sargocentron,Sargocentron rubrum,,Maybelle Fortaleza,mafortaleza@up.edu.ph,,,
FDP_SGES_2112_018A,Chordata,Actinopterygii,Perciformes,Mullidae,,,Upeneus,Upeneus sulphureus,,Maybelle Fortaleza,mafortaleza@up.edu.ph,,,
FDP_SGES_2112_019A,Chordata,Actinopterygii,Pleuronectiformes,Bothidae,,,Bothus,Bothus pantherinus,,Maybelle Fortaleza,mafortaleza@up.edu.ph,,,
FDP_SGES_2112_020A,Chordata,Actinopterygii,Scorpaeniformes,Platycephalidae,,,Elates,Elates ransonnettii,,Maybelle Fortaleza,mafortaleza@up.edu.ph,,different BIN,yes
FDP_SGES_2112_022A,Chordata,Actinopterygii,Spariformes,Lethrinidae,,,Lethrinus,Lethrinus harak,,Maybelle Fortaleza,mafortaleza@up.edu.ph,,,
FDP_SGES_2112_023A,Chordata,Actinopterygii,Spariformes,Lethrinidae,,,Lethrinus,Lethrinus ornatus,,Maybelle Fortaleza,mafortaleza@up.edu.ph,,,
FDP_SGES_2112_024A,Chordata,Actinopterygii,Spariformes,Lethrinidae,,,Lethrinus,Lethrinus atkinsoni,,Maybelle Fortaleza,mafortaleza@up.edu.ph,,,
FDP_SGES_2112_025A,Chordata,Actinopterygii,Spariformes,Lethrinidae,,,Gymnocranius,Gymnocranius griseus,,Maybelle Fortaleza,mafortaleza@up.edu.ph,,,
FDP_SGES_2112_026B,Chordata,Actinopterygii,Spariformes,Nemipteridae,,,Scolopsis,Scolopsis lineata,,Maybelle Fortaleza,mafortaleza@up.edu.ph,,,
FDP_SGES_2112_026C,Chordata,Actinopterygii,Spariformes,Nemipteridae,,,Scolopsis,Scolopsis lineata,,Maybelle Fortaleza,mafortaleza@up.edu.ph,,,
FDP_SGES_2112_027A,Chordata,Actinopterygii,Spariformes,Nemipteridae,,,Scolopsis,Scolopsis affinis,,Maybelle Fortaleza,mafortaleza@up.edu.ph,,,
FDP_SGES_2112_027B,Chordata,Actinopterygii,Spariformes,Nemipteridae,,,Scolopsis,Scolopsis affinis,,Maybelle Fortaleza,mafortaleza@up.edu.ph,,,
FDP_SGES_2112_028A,Chordata,Actinopterygii,Spariformes,Nemipteridae,,,Scolopsis,Scolopsis bilineata,,Maybelle Fortaleza,mafortaleza@up.edu.ph,,,
FDP_SGES_2112_029A,Chordata,Actinopterygii,Spariformes,Nemipteridae,,,Scolopsis,Scolopsis ciliata,,Maybelle Fortaleza,mafortaleza@up.edu.ph,,,
FDP_SGES_2112_030A,Chordata,Actinopterygii,Perciformes,Lutjanidae,Lutjaninae,,Lutjanus,Lutjanus ehrenbergii,,Maybelle Fortaleza,mafortaleza@up.edu.ph,,,
FDP_SGES_2112_030B,Chordata,Actinopterygii,Perciformes,Lutjanidae,Lutjaninae,,Lutjanus,Lutjanus ehrenbergii,,Maybelle Fortaleza,mafortaleza@up.edu.ph,,,
FDP_SGES_2112_031A,Chordata,Actinopterygii,Perciformes,Lutjanidae,Etelinae,,Pristipomoides,Pristipomoides auricilla,,Maybelle Fortaleza,mafortaleza@up.edu.ph,,,
FDP_SGES_2112_032A,Chordata,Actinopterygii,Perciformes,Serranidae,Epinephelinae,,Epinephelus,Epinephelus areolatus,,Maybelle Fortaleza,mafortaleza@up.edu.ph,,,
FDP_SGES_2112_033A,Chordata,Actinopterygii,Perciformes,Scatophagidae,,,Scatophagus,Scatophagus argus,,Maybelle Fortaleza,mafortaleza@up.edu.ph,,,
FDP_SGES_2112_034A,Chordata,Actinopterygii,Perciformes,Monodactylidae,,,Monodactylus,Monodactylus argenteus,,Maybelle Fortaleza,mafortaleza@up.edu.ph,,,
FDP_SGES_2112_035A,Chordata,Actinopterygii,Perciformes,Gerreidae,,,Gerres,Gerres filamentosus,,Maybelle Fortaleza,mafortaleza@up.edu.ph,,,
FDP_SGES_2112_036A,Chordata,Actinopterygii,Perciformes,Gerreidae,,,Gerres,Gerres erythrourus,,Maybelle Fortaleza,mafortaleza@up.edu.ph,,,
FDP_SGES_2112_037A,Chordata,Actinopterygii,Carangiformes,Carangidae,Caranginae,,Caranx,Caranx melampygus,,Maybelle Fortaleza,mafortaleza@up.edu.ph,,,
FDP_SGES_2112_037B,Chordata,Actinopterygii,Carangiformes,Carangidae,Caranginae,,Caranx,Caranx melampygus,,Maybelle Fortaleza,mafortaleza@up.edu.ph,,,
FDP_SGES_2112_037D,Chordata,Actinopterygii,Carangiformes,Carangidae,Caranginae,,Caranx,Caranx melampygus,,Maybelle Fortaleza,mafortaleza@up.edu.ph,,,
FDP_SGES_2112_037E,Chordata,Actinopterygii,Carangiformes,Carangidae,Caranginae,,Caranx,Caranx melampygus,,Maybelle Fortaleza,mafortaleza@up.edu.ph,,,
FDP_SGES_2112_038A,Chordata,Actinopterygii,Perciformes,Gerreidae,,,Gerres,Gerres oyena,,Maybelle Fortaleza,mafortaleza@up.edu.ph,,,
FDP_SGES_2112_038B,Chordata,Actinopterygii,Perciformes,Gerreidae,,,Gerres,Gerres oyena,,Maybelle Fortaleza,mafortaleza@up.edu.ph,,,
FDP_SGES_2112_038C,Chordata,Actinopterygii,Perciformes,Gerreidae,,,Gerres,Gerres oyena,,Maybelle Fortaleza,mafortaleza@up.edu.ph,,,
FDP_SGES_2112_039A,Chordata,Actinopterygii,Perciformes,Mullidae,,,Upeneus,Upeneus tragula,,Maybelle Fortaleza,mafortaleza@up.edu.ph,,,
FDP_SGES_2112_040A,Chordata,Actinopterygii,Perciformes,Siganidae,,,Siganus,Siganus spinus,,Maybelle Fortaleza,mafortaleza@up.edu.ph,,,
FDP_SGES_2112_041B,Chordata,Actinopterygii,Perciformes,Siganidae,,,Siganus,Siganus argenteus,,Maybelle Fortaleza,mafortaleza@up.edu.ph,,,
FDP_SGES_2112_042A,Chordata,Actinopterygii,Perciformes,Siganidae,,,Siganus,Siganus canaliculatus,,Maybelle Fortaleza,mafortaleza@up.edu.ph,,,
FDP_SGES_2112_043A,Chordata,Actinopterygii,Spariformes,Lethrinidae,,,Lethrinus,Lethrinus semicinctus,,Kevin L. Labrador,kllabrador@up.edu.ph,,,
FDP_SGES_2112_043B,Chordata,Actinopterygii,Spariformes,Lethrinidae,,,Lethrinus,Lethrinus semicinctus,,Kevin L. Labrador,kllabrador@up.edu.ph,,,
FDP_SGES_2112_044A,Chordata,Actinopterygii,Spariformes,Lethrinidae,,,Lethrinus,Lethrinus microdon,,Maybelle Fortaleza,mafortaleza@up.edu.ph,,,
FDP_SGES_2112_045A,Chordata,Actinopterygii,Spariformes,Lethrinidae,,,Lethrinus,Lethrinus lentjan,,Maybelle Fortaleza,mafortaleza@up.edu.ph,,,
FDP_STAC_2209_004A,Chordata,Actinopterygii,Acanthuriformes,Acanthuridae,Acanthurinae,,Acanthurus,Acanthurus mata,,Maybelle Fortaleza,mafortaleza@up.edu.ph,,,
FDP_STAC_2209_005A,Chordata,Actinopterygii,Acanthuriformes,Acanthuridae,Acanthurinae,,Ctenochaetus,Ctenochaetus tominiensis,,Maybelle Fortaleza,mafortaleza@up.edu.ph,,,
FDP_STAC_2209_011A,Chordata,Actinopterygii,Ovalentaria,Pomacentridae,Pomacentrinae,,Abudefduf,Abudefduf septemfasciatus,,Maybelle Fortaleza,mafortaleza@up.edu.ph,,,
FDP_STAC_2209_012A,Chordata,Actinopterygii,Ovalentaria,Pomacentridae,Chrominae,,Dascyllus,Dascyllus trimaculatus,,Maybelle Fortaleza,mafortaleza@up.edu.ph,,,
FDP_STAC_2209_015A,Chordata,Actinopterygii,Perciformes,Mullidae,,,Upeneus,Upeneus nigromarginatus,,Maybelle Fortaleza,mafortaleza@up.edu.ph,,,
FDP_STAC_2209_016A,Chordata,Actinopterygii,Perciformes,Lutjanidae,Lutjaninae,,Lutjanus,Lutjanus lutjanus,,Maybelle Fortaleza,mafortaleza@up.edu.ph,,,
FDP_STAC_2209_023A,Chordata,Actinopterygii,Holocentriformes,Holocentridae,Holocentrinae,,Sargocentron,Sargocentron diadema,,Maybelle Fortaleza,mafortaleza@up.edu.ph,,,
FDP_STAC_2209_027A,Chordata,Actinopterygii,Moroniformes,Ephippidae,,,Platax,Platax teira,,Maybelle Fortaleza,mafortaleza@up.edu.ph,,,
FDP_STAC_2211_004A,Chordata,Actinopterygii,Perciformes,Chaetodontidae,,,Chaetodon,Chaetodon rafflesii,,Maybelle Fortaleza,mafortaleza@up.edu.ph,,,
FDP_STAC_2211_005A,Chordata,Actinopterygii,Ovalentaria,Pomacentridae,Chrominae,,Acanthochromis,Acanthochromis polyacanthus,,Maybelle Fortaleza,mafortaleza@up.edu.ph,,,
FDP_STAC_2211_006A,Chordata,Actinopterygii,Ovalentaria,Pomacentridae,Pomacentrinae,,Amblyglyphidodon,Amblyglyphidodon curacao,,Maybelle Fortaleza,mafortaleza@up.edu.ph,,,
FDP_STAC_2211_007A,Chordata,Actinopterygii,Ovalentaria,Pomacentridae,Chrominae,,Chromis,Chromis xanthura,,Cleto jr L Nanola,clnanola@up.edu.ph,,,
FDP_STAC_2211_008A,Chordata,Actinopterygii,Ovalentaria,Pomacentridae,Amphiprioninae,,Amphiprion,Amphiprion perideraion,,Maybelle Fortaleza,mafortaleza@up.edu.ph,,,
FDP_STAC_2211_009A,Chordata,Actinopterygii,Perciformes,Pomacanthidae,,,Centropyge,Centropyge vrolikii,,Maybelle Fortaleza,mafortaleza@up.edu.ph,,,
FDP_STAC_2211_010A,Chordata,Actinopterygii,Ovalentaria,Pomacentridae,Pomacentrinae,,Amblyglyphidodon,Amblyglyphidodon aureus,,Maybelle Fortaleza,mafortaleza@up.edu.ph,,,
FDP_STAC_2211_011A,Chordata,Actinopterygii,Ovalentaria,Pomacentridae,Pomacentrinae,,Hemiglyphidodon,Hemiglyphidodon plagiometopon,,Maybelle Fortaleza,mafortaleza@up.edu.ph,,,
FDP_STAC_2211_012A,Chordata,Actinopterygii,Labriformes,Labridae,,,Coris,Coris batuensis,,Maybelle Fortaleza,mafortaleza@up.edu.ph,,,
FDP_STAC_2211_019A,Chordata,Actinopterygii,Acanthuriformes,Acanthuridae,Acanthurinae,,Acanthurus,Acanthurus auranticavus,,Maybelle Fortaleza,mafortaleza@up.edu.ph,,,
FDP_STAC_2211_021A,Chordata,Actinopterygii,Tetraodontiformes,Balistidae,,,Pseudobalistes,Pseudobalistes flavimarginatus,,Maybelle Fortaleza,mafortaleza@up.edu.ph,,,
FDP_STAC_2211_022A,Chordata,Actinopterygii,Tetraodontiformes,Monacanthidae,,,Pseudomonacanthus,Pseudomonacanthus macrurus,,Maybelle Fortaleza,mafortaleza@up.edu.ph,,,
FDP_STAC_2211_024A,Chordata,Actinopterygii,Ovalentaria,Pomacentridae,Chrominae,,Dascyllus,Dascyllus trimaculatus,,Maybelle Fortaleza,mafortaleza@up.edu.ph,,,
FDP_STAC_2211_026A,Chordata,Actinopterygii,Kurtiformes,Apogonidae,Apogoninae,,Cheilodipterus,Cheilodipterus macrodon,,Maybelle Fortaleza,mafortaleza@up.edu.ph,,,
FDP_STAC_2211_028A,Chordata,Actinopterygii,Perciformes,Pempheridae,,,Pempheris,Pempheris vanicolensis,,Maybelle Fortaleza,mafortaleza@up.edu.ph,,,
FDP_STAC_2211_029A,Chordata,Actinopterygii,Perciformes,Serranidae,Epinephelinae,,Cephalopholis,Cephalopholis boenak,,Maybelle Fortaleza,mafortaleza@up.edu.ph,,,
FDP_STAC_2211_035A,Chordata,Actinopterygii,Aulopiformes,Synodontidae,Synodontinae,,Synodus,Synodus variegatus,,Maybelle Fortaleza,mafortaleza@up.edu.ph,,,
FDP_STAC_2211_036A,Chordata,Actinopterygii,Aulopiformes,Synodontidae,Harpadontinae,,Saurida,Saurida gracilis,,Maybelle Fortaleza,mafortaleza@up.edu.ph,,,
FDP_STAC_2211_037A,Chordata,Elasmobranchii,Myliobatiformes,Dasyatidae,,,Neotrygon,Neotrygon kuhlii,,Maybelle Fortaleza,mafortaleza@up.edu.ph,,,
FDP_TORL_2206_004A,Chordata,Actinopterygii,Spariformes,Nemipteridae,,,Parascolopsis,Parascolopsis inermis,,Maybelle Fortaleza,mafortaleza@up.edu.ph,,,
FDP_TORL_2206_005A,Chordata,Actinopterygii,Perciformes,Lutjanidae,Etelinae,,Pristipomoides,Pristipomoides amoenus,,Maybelle Fortaleza,mafortaleza@up.edu.ph,,,
FDP_TORL_2206_008A,Chordata,Actinopterygii,Spariformes,Nemipteridae,,,Nemipterus,Nemipterus nematopus,,Maybelle Fortaleza,mafortaleza@up.edu.ph,,,
FDP_TORL_2206_009A,Chordata,Actinopterygii,Spariformes,Nemipteridae,,,Nemipterus,Nemipterus hexodon,,Maybelle Fortaleza,mafortaleza@up.edu.ph,,,
FDP_TORL_2206_010A,Chordata,Actinopterygii,Perciformes,Lutjanidae,Etelinae,,Pristipomoides,Pristipomoides typus,,Maybelle Fortaleza,mafortaleza@up.edu.ph,,,
FDP_TORL_2206_011A,Chordata,Actinopterygii,Aulopiformes,Chlorophthalmidae,,,Chlorophthalmus,Chlorophthalmus nigromarginatus,,Maybelle Fortaleza,mafortaleza@up.edu.ph,,,
FDP_TORL_2206_012A,Chordata,Actinopterygii,Perciformes,Epinephelidae,,,Chromileptes,Chromileptes altivelis,,Maybelle Fortaleza,mafortaleza@up.edu.ph,,Chromileptes altivelis,yes
FDP_TORL_2206_013A,Chordata,Actinopterygii,Perciformes,Serranidae,Epinephelinae,,Cephalopholis,Cephalopholis sonnerati,,Maybelle Fortaleza,mafortaleza@up.edu.ph,,,
FDP_TORL_2206_014A,Chordata,Actinopterygii,Labriformes,Labridae,,,Oxycheilinus,Oxycheilinus celebicus,,Maybelle Fortaleza,mafortaleza@up.edu.ph,,,
FDP_TORL_2206_015A,Chordata,Actinopterygii,Beryciformes,Berycidae,,,Beryx,Beryx mollis,,Maybelle Fortaleza,mafortaleza@up.edu.ph,,,
FDP_TORL_2206_018A,Chordata,Actinopterygii,Labriformes,Labridae,,,Choerodon,Choerodon anchorago,,Maybelle Fortaleza,mafortaleza@up.edu.ph,,,
FDP_TORL_2206_019A,Chordata,Actinopterygii,Labriformes,Labridae,,,Cheilinus,Cheilinus trilobatus,,Maybelle Fortaleza,mafortaleza@up.edu.ph,,,
FDP_TORL_2206_025A,Chordata,Actinopterygii,Spariformes,Lethrinidae,,,Lethrinus,Lethrinus harak,,Maybelle Fortaleza,mafortaleza@up.edu.ph,,,
FDP_TORL_2206_029A,Chordata,Actinopterygii,Holocentriformes,Holocentridae,Myripristinae,,Myripristis,Myripristis kuntee,,Maybelle Fortaleza,mafortaleza@up.edu.ph,,,
FDP_TORL_2206_031A,Chordata,Actinopterygii,Perciformes,Serranidae,Epinephelinae,,Cephalopholis,Cephalopholis boenak,,Maybelle Fortaleza,mafortaleza@up.edu.ph,,,
FDP_TORL_2207_001A,Chordata,Actinopterygii,Perciformes,Haemulidae,Haemulinae,,Pomadasys,Pomadasys maculatus,,Maybelle Fortaleza,mafortaleza@up.edu.ph,,,
FDP_TORL_2207_002A,Chordata,Actinopterygii,Perciformes,Leiognathidae,Leiognathinae,,Leiognathus,Leiognathus equula,,Maybelle Fortaleza,mafortaleza@up.edu.ph,,,
FDP_TORL_2207_003A,Chordata,Actinopterygii,Carangiformes,Carangidae,Caranginae,,Atropus,Atropus mentalis,,Maybelle Fortaleza,mafortaleza@up.edu.ph,,Atropus mentalis,yes
FDP_TORL_2207_006A,Chordata,Actinopterygii,Perciformes,Serranidae,Epinephelinae,,Epinephelus,Epinephelus sexfasciatus,,Maybelle Fortaleza,mafortaleza@up.edu.ph,,,
FDP_TORL_2207_007A,Chordata,Actinopterygii,Perciformes,Lutjanidae,Lutjaninae,,Lutjanus,Lutjanus rivulatus,,Maybelle Fortaleza,mafortaleza@up.edu.ph,,,
FDP_TORL_2207_008A,Chordata,Actinopterygii,Aulopiformes,Synodontidae,Harpadontinae,,Saurida,Saurida micropectoralis,,Maybelle Fortaleza,mafortaleza@up.edu.ph,,,
FDP_TORL_2209_002A,Chordata,Actinopterygii,Perciformes,Serranidae,Epinephelinae,,Epinephelus,Epinephelus coioides,,Maybelle Fortaleza,mafortaleza@up.edu.ph,,,
MIN_1809_GOVG_005A,Chordata,Actinopterygii,Acanthuriformes,Acanthuridae,Nasinae,,Naso,Naso thynnoides,,Maybelle Fortaleza,mafortaleza@up.edu.ph,,,
MIN_1908_GOVG_049A,Chordata,Actinopterygii,Perciformes,Serranidae,Epinephelinae,,Cephalopholis,Cephalopholis cyanostigma,,Maybelle Fortaleza,mafortaleza@up.edu.ph,,,
MIN_1811_STAC_049A,Chordata,Actinopterygii,Labriformes,Scaridae,,,Scarus,Scarus psittacus,,Maybelle Fortaleza,mafortaleza@up.edu.ph,,,
MIN_1811_STAC_054A,Chordata,Actinopterygii,Spariformes,Lethrinidae,,,Lethrinus,Lethrinus olivaceus,,Maybelle Fortaleza,mafortaleza@up.edu.ph,,,
MIN_1908_STAC_011A,Chordata,Actinopterygii,Perciformes,Mullidae,,,Mulloidichthys,Mulloidichthys flavolineatus,,Maybelle Fortaleza,mafortaleza@up.edu.ph,,,
MIN_1811_STAC_058E,Chordata,Actinopterygii,Acanthuriformes,Acanthuridae,Acanthurinae,,Ctenochaetus,Ctenochaetus tominiensis,,Cleto jr L Nanola,clnanola@up.edu.ph,,,
MIN_1811_STAC_059A,Chordata,Actinopterygii,Acanthuriformes,Acanthuridae,Acanthurinae,,Ctenochaetus,Ctenochaetus striatus,,Cleto jr L Nanola,clnanola@up.edu.ph,,,
MIN_1811_STAC_060A,Chordata,Actinopterygii,Acanthuriformes,Acanthuridae,Acanthurinae,,Acanthurus,Acanthurus pyroferus,,Cleto jr L Nanola,clnanola@up.edu.ph,,,
MIN_1908_STAC_042A,Chordata,Actinopterygii,Scorpaeniformes,Scorpaenidae,Scorpaeninae,,Scorpaenopsis,Scorpaenopsis venosa,,Cleto jr L Nanola,clnanola@up.edu.ph,,,
MIN_1902_GOVG_023A,Chordata,Actinopterygii,Labriformes,Scaridae,,,Cetoscarus,Cetoscarus ocellatus,,Maybelle Fortaleza,mafortaleza@up.edu.ph,,,
MIN_1902_GOVG_026A,Chordata,Actinopterygii,Spariformes,Lethrinidae,,,Monotaxis,Monotaxis grandoculis,,Maybelle Fortaleza,mafortaleza@up.edu.ph,,,
MIN_1908_GOVG_030A,Chordata,Actinopterygii,Acanthuriformes,Acanthuridae,Nasinae,,Naso,Naso hexacanthus,,Maybelle Fortaleza,mafortaleza@up.edu.ph,,,
MIN_1908_GOVG_033A,Chordata,Actinopterygii,Labriformes,Labridae,,,Hemigymnus,Hemigymnus fasciatus,,Maybelle Fortaleza,mafortaleza@up.edu.ph,,,
MIN_1908_GOVG_035A,Chordata,Actinopterygii,Ophidiiformes,Ophidiidae,Brotulinae,,Brotula,Brotula multibarbata,,Maybelle Fortaleza,mafortaleza@up.edu.ph,,,
MIN_1908_GOVG_036A,Chordata,Actinopterygii,Perciformes,Lutjanidae,Lutjaninae,,Macolor,Macolor macularis,,Maybelle Fortaleza,mafortaleza@up.edu.ph,,,
MIN_1908_GOVG_037A,Chordata,Actinopterygii,Perciformes,Lutjanidae,Lutjaninae,,Lutjanus,Lutjanus decussatus,,Maybelle Fortaleza,mafortaleza@up.edu.ph,,,
MIN_1908_GOVG_041A,Chordata,Actinopterygii,Perciformes,Chaetodontidae,,,Chaetodon,Chaetodon auriga,,Maybelle Fortaleza,mafortaleza@up.edu.ph,,,
MIN_1908_GOVG_042A,Chordata,Actinopterygii,Perciformes,Pomacanthidae,,,Pygoplites,Pygoplites diacanthus,,Maybelle Fortaleza,mafortaleza@up.edu.ph,,,
MIN_1908_GOVG_045A,Chordata,Actinopterygii,Perciformes,Mullidae,,,Parupeneus,Parupeneus indicus,,Maybelle Fortaleza,mafortaleza@up.edu.ph,,,
MIN_1908_GOVG_047A,Chordata,Actinopterygii,Perciformes,Serranidae,Epinephelinae,,Cephalopholis,Cephalopholis leopardus,,Maybelle Fortaleza,mafortaleza@up.edu.ph,,,
MIN_1908_GOVG_051A,Chordata,Actinopterygii,Spariformes,Nemipteridae,,,Pentapodus,Pentapodus caninus,,Maybelle Fortaleza,mafortaleza@up.edu.ph,,,
MIN_1908_STAC_001A,Chordata,Actinopterygii,Holocentriformes,Holocentridae,Myripristinae,,Myripristis,Myripristis violacea,,Cleto jr L Nanola,clnanola@up.edu.ph,,,
MIN_1908_STAC_003A,Chordata,Actinopterygii,Perciformes,Serranidae,Epinephelinae,,Epinephelus,Epinephelus quoyanus,,Junissa M Consuegra,jmconsuegra@up.edu.ph,,,
MIN_1908_STAC_004A,Chordata,Actinopterygii,Tetraodontiformes,Balistidae,,,Balistapus,Balistapus undulatus,,Maybelle Fortaleza,mafortaleza@up.edu.ph,,,
MIN_1910_STAM_035A,Chordata,Actinopterygii,Holocentriformes,Holocentridae,Holocentrinae,,Sargocentron,Sargocentron diadema,,Maybelle Fortaleza,mafortaleza@up.edu.ph,,,
MIN_1908_STAC_007A,Chordata,Actinopterygii,Labriformes,Labridae,,,Cheilinus,Cheilinus trilobatus,,Maybelle Fortaleza,mafortaleza@up.edu.ph,,,
MIN_1908_STAC_009A,Chordata,Actinopterygii,Labriformes,Labridae,,,Thalassoma,Thalassoma hardwicke,,Maybelle Fortaleza,mafortaleza@up.edu.ph,,,
MIN_1912_TORL_019A,Chordata,Actinopterygii,Spariformes,Nemipteridae,,,Nemipterus,Nemipterus zysron,,Maybelle Fortaleza,mafortaleza@up.edu.ph,,,
MIN_1908_STAC_012A,Chordata,Actinopterygii,Labriformes,Labridae,,,Cheilio,Cheilio inermis,,Maybelle Fortaleza,mafortaleza@up.edu.ph,,,
MIN_1908_STAC_015A,Chordata,Actinopterygii,Acanthuriformes,Acanthuridae,Acanthurinae,,Acanthurus,Acanthurus nigricauda,,Maybelle Fortaleza,mafortaleza@up.edu.ph,,,
MIN_1908_STAC_018A,Chordata,Actinopterygii,Perciformes,Caesionidae,,,Caesio,Caesio caerulaurea,,Maybelle Fortaleza,mafortaleza@up.edu.ph,,,
MIN_1908_STAC_019A,Chordata,Actinopterygii,Perciformes,Serranidae,Epinephelinae,,Cephalopholis,Cephalopholis microprion,,Junissa M Consuegra,jmconsuegra@up.edu.ph,,,
MIN_1908_STAC_023A,Chordata,Actinopterygii,Perciformes,Mullidae,,,Parupeneus,Parupeneus barberinus,,Cleto jr L Nanola,clnanola@up.edu.ph,,,
MIN_1908_STAC_036A,Chordata,Actinopterygii,Perciformes,Lutjanidae,Lutjaninae,,Lutjanus,Lutjanus fulvus,,Junissa M Consuegra,jmconsuegra@up.edu.ph,,,
MIN_1908_STAC_041A,Chordata,Actinopterygii,Moroniformes,Ephippidae,,,Platax,Platax orbicularis,,Junissa M Consuegra,jmconsuegra@up.edu.ph,,,
MIN_1912_TORL_021A,Chordata,Actinopterygii,Perciformes,Mullidae,,,Upeneus,Upeneus moluccensis,,Maybelle Fortaleza,mafortaleza@up.edu.ph,,,
MIN_1908_STAC_044A,Chordata,Actinopterygii,Anguilliformes,Muraenidae,Muraeninae,,Gymnothorax,Gymnothorax zonipectis,,Junissa M Consuegra,jmconsuegra@up.edu.ph,,,
MIN_1910_STAM_006A,Chordata,Actinopterygii,Spariformes,Nemipteridae,,,Scolopsis,Scolopsis lineata,,Maybelle Fortaleza,mafortaleza@up.edu.ph,,,
MIN_1910_STAM_014A,Chordata,Actinopterygii,Labriformes,Labridae,,,Novaculichthys,Novaculichthys taeniourus,,Maybelle Fortaleza,mafortaleza@up.edu.ph,,,
MIN_1912_TORL_035A,Chordata,Actinopterygii,Kurtiformes,Apogonidae,Apogoninae,,Ostorhinchus,Ostorhinchus doederleini,,Cleto jr L Nanola,clnanola@up.edu.ph,,,
MIN_1912_TORL_042A,Chordata,Actinopterygii,Perciformes,Gerreidae,,,Gerres,Gerres filamentosus,,Cleto jr L Nanola,clnanola@up.edu.ph,,,
MIN_1910_STAM_017A,Chordata,Actinopterygii,Ovalentaria,Pomacentridae,Chrominae,,Dascyllus,Dascyllus trimaculatus,,Maybelle Fortaleza,mafortaleza@up.edu.ph,,,
MIN_1910_STAM_018A,Chordata,Actinopterygii,Ovalentaria,Pomacentridae,Chrominae,,Chromis,Chromis ternatensis,,Maybelle Fortaleza,mafortaleza@up.edu.ph,,,
MIN_1910_STAM_021A,Chordata,Actinopterygii,Perciformes,Siganidae,,,Siganus,Siganus canaliculatus,,Maybelle Fortaleza,mafortaleza@up.edu.ph,,,
MIN_1912_TORL_046B,Chordata,Actinopterygii,Scombriformes,Gempylidae,,,Rexea,Rexea prometheoides,,Maybelle Fortaleza,mafortaleza@up.edu.ph,,,
MIN_1910_STAM_024A,Chordata,Actinopterygii,Spariformes,Lethrinidae,,,Lethrinus,Lethrinus ornatus,,Maybelle Fortaleza,mafortaleza@up.edu.ph,,,
MIN_1910_STAM_028A,Chordata,Actinopterygii,Carangiformes,Coryphaenidae,,,Coryphaena,Coryphaena hippurus,,Maybelle Fortaleza,mafortaleza@up.edu.ph,,,
MIN_1811_STAC_045A,Chordata,Actinopterygii,Labriformes,Scaridae,,,Scarus,Scarus quoyi,,Cleto jr L Nanola,clnanola@up.edu.ph,,,
MIN_1811_STAC_057A,Chordata,Actinopterygii,Perciformes,Serranidae,Epinephelinae,,Cephalopholis,Cephalopholis spiloparaea,,Cleto jr L Nanola,clnanola@up.edu.ph,,,
MIN_1910_STAM_029C,Chordata,Actinopterygii,Perciformes,Bramidae,,,Brama,Brama orcini,,Maybelle Fortaleza,mafortaleza@up.edu.ph,,,
MIN_1812_STAC_066A,Chordata,Actinopterygii,Holocentriformes,Holocentridae,Holocentrinae,,Sargocentron,Sargocentron cornutum,,Maybelle Fortaleza,mafortaleza@up.edu.ph,,,
MIN_1910_STAM_036A,Chordata,Actinopterygii,Holocentriformes,Holocentridae,Holocentrinae,,Sargocentron,Sargocentron punctatissimum,,Maybelle Fortaleza,mafortaleza@up.edu.ph,,,
MIN_1910_STAM_037A,Chordata,Actinopterygii,Scombriformes,Gempylidae,,,Gempylus,Gempylus serpens,,Maybelle Fortaleza,mafortaleza@up.edu.ph,,,
MIN_1910_STAM_039A,Chordata,Actinopterygii,Beloniformes,Belonidae,,,Tylosurus,Tylosurus crocodilus,,Maybelle Fortaleza,mafortaleza@up.edu.ph,,,
MIN_1912_TORL_001A,Chordata,Actinopterygii,Ovalentaria,Pomacentridae,Pomacentrinae,,Abudefduf,Abudefduf vaigiensis,,Maybelle Fortaleza,mafortaleza@up.edu.ph,,,
MIN_1912_TORL_003A,Chordata,Actinopterygii,Tetraodontiformes,Balistidae,,,Abalistes,Abalistes stellatus,,Maybelle Fortaleza,mafortaleza@up.edu.ph,,,
MIN_1912_TORL_004A,Chordata,Actinopterygii,Perciformes,Bramidae,,,Brama,Brama dussumieri,,Maybelle Fortaleza,mafortaleza@up.edu.ph,,,
MIN_1912_TORL_005A,Chordata,Actinopterygii,Spariformes,Nemipteridae,,,Pentapodus,Pentapodus trivittatus,,Maybelle Fortaleza,mafortaleza@up.edu.ph,,,
MIN_1912_TORL_007A,Chordata,Actinopterygii,Spariformes,Nemipteridae,,,Scolopsis,Scolopsis ciliata,,Maybelle Fortaleza,mafortaleza@up.edu.ph,,,
MIN_1912_TORL_013A,Chordata,Actinopterygii,Acanthuriformes,Zanclidae,,,Zanclus,Zanclus cornutus,,Maybelle Fortaleza,mafortaleza@up.edu.ph,,,
MIN_1912_TORL_014A,Chordata,Actinopterygii,Perciformes,Chaetodontidae,,,Heniochus,Heniochus chrysostomus,,Maybelle Fortaleza,mafortaleza@up.edu.ph,,,
MIN_1912_TORL_015A,Chordata,Actinopterygii,Spariformes,Nemipteridae,,,Nemipterus,Nemipterus bathybius,,Maybelle Fortaleza,mafortaleza@up.edu.ph,,,
MIN_1912_TORL_016A,Chordata,Actinopterygii,Spariformes,Nemipteridae,,,Nemipterus,Nemipterus nematophorus,,Maybelle Fortaleza,mafortaleza@up.edu.ph,,,
MIN_1902_GOVG_022A,Chordata,Actinopterygii,Labriformes,Scaridae,,,Scarus,Scarus hypselopterus,,Maybelle Fortaleza,mafortaleza@up.edu.ph,,,
MIN_1912_TORL_023B,Chordata,Actinopterygii,Perciformes,Serranidae,Epinephelinae,,Epinephelus,Epinephelus areolatus,,Maybelle Fortaleza,mafortaleza@up.edu.ph,,,
MIN_1912_TORL_026A,Chordata,Actinopterygii,Perciformes,Serranidae,Epinephelinae,,Plectropomus,Plectropomus oligacanthus,,Maybelle Fortaleza,mafortaleza@up.edu.ph,,,
MIN_1912_TORL_027A,Chordata,Actinopterygii,Perciformes,Lutjanidae,Lutjaninae,,Lutjanus,Lutjanus fulvus,,Maybelle Fortaleza,mafortaleza@up.edu.ph,,,
MIN_1912_TORL_028A,Chordata,Actinopterygii,Perciformes,Caesionidae,,,Caesio,Caesio lunaris,,Maybelle Fortaleza,mafortaleza@up.edu.ph,,,
MIN_1912_TORL_029A,Chordata,Actinopterygii,Aulopiformes,Synodontidae,Harpadontinae,,Saurida,Saurida gracilis,,Maybelle Fortaleza,mafortaleza@up.edu.ph,,,
MIN_1912_TORL_031A,Chordata,Actinopterygii,Scombriformes,Nomeidae,,,Cubiceps,Cubiceps pauciradiatus,,Maybelle Fortaleza,mafortaleza@up.edu.ph,,,
MIN_1912_TORL_032A,Chordata,Actinopterygii,Gobiiformes,Gobiidae,Gobiinae,,Exyrias,Exyrias puntang,,Maybelle Fortaleza,mafortaleza@up.edu.ph,,,
MIN_1910_STAM_015A,Chordata,Actinopterygii,Labriformes,Labridae,,,Epibulus,Epibulus brevis,,Maybelle Fortaleza,mafortaleza@up.edu.ph,,,
MIN_1912_TORL_039A,Chordata,Actinopterygii,Ovalentaria,Pomacentridae,Pomacentrinae,,Hemiglyphidodon,Hemiglyphidodon plagiometopon,,Cleto jr L Nanola,clnanola@up.edu.ph,,,
MIN_1912_TORL_041A,Chordata,Actinopterygii,Perciformes,Siganidae,,,Siganus,Siganus javus,,Maybelle Fortaleza,mafortaleza@up.edu.ph,,,
MIN_1910_STAM_016A,Chordata,Actinopterygii,Perciformes,Chaetodontidae,,,Chaetodon,Chaetodon punctatofasciatus,,Maybelle Fortaleza,mafortaleza@up.edu.ph,,,
MIN_1912_TORL_043A,Chordata,Actinopterygii,Perciformes,Polynemidae,,,Polydactylus,Polydactylus plebeius,,Cleto jr L Nanola,clnanola@up.edu.ph,,,
MIN_1912_TORL_045A,Chordata,Actinopterygii,Perciformes,Serranidae,Epinephelinae,,Epinephelus,Epinephelus areolatus,,Cleto jr L Nanola,clnanola@up.edu.ph,,,
MIN_1912_TORL_048A,Chordata,Actinopterygii,Anguilliformes,Congridae,Congrinae,,Conger,Conger cinereus,,Cleto jr L Nanola,clnanola@up.edu.ph,,,
MIN_2002_MATI_001A,Chordata,Actinopterygii,Scombriformes,Nomeidae,,,Psenes,Psenes cyanophrys,,Cleto jr L Nanola,clnanola@up.edu.ph,,,
DNSC_2018_055A,Chordata,Actinopterygii,Ovalentaria,Pomacentridae,Pomacentrinae,,Pomacentrus,Pomacentrus reidi,,Girley S. Gumanao,girley.gumanao@dnsc.edu.ph,,,
DNSC_2018_055B,Chordata,Actinopterygii,Tetraodontiformes,Balistidae,,,Pseudobalistes,Pseudobalistes fuscus,,Girley S. Gumanao,girley.gumanao@dnsc.edu.ph,,,
